시군구,단지명,전용면적(㎡),계약년월,계약일,계약날짜,층,건축나이,거래건수,기준금리,법정동코드,지하철역수,거래금액(만원)
광주광역시 광산구 도산동,대덕1,31.59,202307,27,2023-07-27,8,33,19,3.5,2920010200,1,5500
광주광역시 광산구 도산동,대덕1,39.15,202307,28,2023-07-28,7,33,19,3.5,2920010200,1,7200
광주광역시 광산구 도산동,대주피오레1차,84.98,202307,5,2023-07-05,4,23,19,3.5,2920010200,1,23250
광주광역시 광산구 도산동,서경,59.79,202307,13,2023-07-13,11,25,19,3.5,2920010200,1,14200
광주광역시 광산구 도산동,서라,59.31,202307,13,2023-07-13,12,26,19,3.5,2920010200,1,12300
광주광역시 광산구 도산동,송정우방아이유쉘아파트,70.9225,202307,8,2023-07-08,12,4,19,3.5,2920010200,1,31500
광주광역시 광산구 도산동,송정우방아이유쉘아파트,84.9538,202307,21,2023-07-21,12,4,19,3.5,2920010200,1,43000
광주광역시 광산구 도산동,우방아이유쉘,59.7926,202307,8,2023-07-08,10,7,19,3.5,2920010200,1,22700
광주광역시 광산구 도산동,우방아이유쉘,59.8407,202307,23,2023-07-23,10,7,19,3.5,2920010200,1,23000
광주광역시 광산구 도산동,우방아이유쉘,59.5443,202307,27,2023-07-27,3,7,19,3.5,2920010200,1,22000
광주광역시 광산구 도산동,우방아이유쉘,79.6397,202307,28,2023-07-28,12,7,19,3.5,2920010200,1,30900
광주광역시 광산구 도산동,우방아이유쉘,79.6397,202307,28,2023-07-28,12,7,19,3.5,2920010200,1,30900
광주광역시 광산구 도산동,우방아이유쉘,79.6397,202307,29,2023-07-29,7,7,19,3.5,2920010200,1,29300
광주광역시 광산구 도산동,카이스트빌1차,34.0522,202307,31,2023-07-31,9,21,19,3.5,2920010200,1,8600
광주광역시 광산구 도산동,호반1,59.95,202307,8,2023-07-08,2,28,19,3.5,2920010200,1,10000
광주광역시 광산구 도산동,호반1,59.95,202307,18,2023-07-18,12,28,19,3.5,2920010200,1,13000
광주광역시 광산구 도산동,호반2차,59.95,202307,12,2023-07-12,5,25,19,3.5,2920010200,1,13000
광주광역시 광산구 도산동,호반2차,59.95,202307,15,2023-07-15,2,25,19,3.5,2920010200,1,13000
광주광역시 광산구 도산동,호반2차,59.95,202307,28,2023-07-28,8,25,19,3.5,2920010200,1,14300
광주광역시 광산구 도천동,중흥1차,59.94,202307,5,2023-07-05,1,28,2,3.5,2920011300,0,8800
광주광역시 광산구 도천동,중흥2차,59.76,202307,15,2023-07-15,15,28,2,3.5,2920011300,0,9400
광주광역시 광산구 비아동,호반,59.88,202307,26,2023-07-26,3,25,1,3.5,2920011200,0,12500
광주광역시 광산구 산월동,부영1차,84.9763,202307,11,2023-07-11,1,20,17,3.5,2920011700,0,25100
광주광역시 광산구 산월동,부영1차,84.9763,202307,26,2023-07-26,2,20,17,3.5,2920011700,0,26500
광주광역시 광산구 산월동,부영2차,84.7886,202307,1,2023-07-01,11,19,17,3.5,2920011700,0,27000
광주광역시 광산구 산월동,부영2차,84.7886,202307,13,2023-07-13,10,19,17,3.5,2920011700,0,26000
광주광역시 광산구 산월동,부영2차,84.7886,202307,21,2023-07-21,13,19,17,3.5,2920011700,0,25500
광주광역시 광산구 산월동,부영3,84.7886,202307,19,2023-07-19,12,18,17,3.5,2920011700,0,26400
광주광역시 광산구 산월동,부영그린타운,84.8512,202307,17,2023-07-17,6,18,17,3.5,2920011700,0,31000
광주광역시 광산구 산월동,부영그린타운,84.8512,202307,23,2023-07-23,14,18,17,3.5,2920011700,0,30500
광주광역시 광산구 산월동,부영사랑으로7차,84.9931,202307,18,2023-07-18,3,16,17,3.5,2920011700,0,30800
광주광역시 광산구 산월동,첨단부영6차,84.9931,202307,8,2023-07-08,1,17,17,3.5,2920011700,0,29500
광주광역시 광산구 산월동,호반리젠시빌1,84.3979,202307,14,2023-07-14,15,20,17,3.5,2920011700,0,24000
광주광역시 광산구 산월동,호반리젠시빌2,84.3979,202307,18,2023-07-18,5,20,17,3.5,2920011700,0,29000
광주광역시 광산구 산월동,호반리젠시빌3,84.3979,202307,13,2023-07-13,1,20,17,3.5,2920011700,0,26000
광주광역시 광산구 산월동,호반리젠시빌3,72.504,202307,17,2023-07-17,9,20,17,3.5,2920011700,0,27000
광주광역시 광산구 산월동,호반리젠시빌3,72.504,202307,28,2023-07-28,10,20,17,3.5,2920011700,0,30100
광주광역시 광산구 산월동,호반리젠시빌4,83.7154,202307,4,2023-07-04,3,20,17,3.5,2920011700,0,28700
광주광역시 광산구 산월동,호반리젠시빌4,83.7154,202307,27,2023-07-27,15,20,17,3.5,2920011700,0,34400
광주광역시 광산구 산정동,다사로움2단지,59.9538,202307,5,2023-07-05,11,14,19,3.5,2920012700,0,20900
광주광역시 광산구 산정동,다사로움2단지,59.9538,202307,12,2023-07-12,14,14,19,3.5,2920012700,0,19500
광주광역시 광산구 산정동,다사로움2단지,59.9451,202307,21,2023-07-21,13,14,19,3.5,2920012700,0,20200
광주광역시 광산구 산정동,다사로움2단지,59.9368,202307,22,2023-07-22,8,14,19,3.5,2920012700,0,23000
광주광역시 광산구 산정동,부영애시앙1차(산정셀트리움),84.8198,202307,4,2023-07-04,10,15,19,3.5,2920012700,0,30000
광주광역시 광산구 산정동,부영애시앙1차(산정셀트리움),84.8198,202307,12,2023-07-12,12,15,19,3.5,2920012700,0,27000
광주광역시 광산구 산정동,부영애시앙1차(산정셀트리움),84.8198,202307,19,2023-07-19,16,15,19,3.5,2920012700,0,30000
광주광역시 광산구 산정동,부영애시앙1차(산정셀트리움),84.8198,202307,19,2023-07-19,15,15,19,3.5,2920012700,0,28000
광주광역시 광산구 산정동,부영애시앙2차,84.8198,202307,5,2023-07-05,13,15,19,3.5,2920012700,0,27000
광주광역시 광산구 산정동,부영애시앙2차,84.8198,202307,19,2023-07-19,20,15,19,3.5,2920012700,0,32000
광주광역시 광산구 산정동,부영애시앙2차,84.8198,202307,21,2023-07-21,11,15,19,3.5,2920012700,0,28900
광주광역시 광산구 산정동,부영애시앙2차,84.8198,202307,22,2023-07-22,13,15,19,3.5,2920012700,0,32500
광주광역시 광산구 산정동,부영애시앙2차,84.8198,202307,25,2023-07-25,19,15,19,3.5,2920012700,0,27900
광주광역시 광산구 산정동,어등산대방노블랜드,155.494,202307,15,2023-07-15,3,10,19,3.5,2920012700,0,74500
광주광역시 광산구 산정동,태양,32.28,202307,17,2023-07-17,9,35,19,3.5,2920012700,0,6000
광주광역시 광산구 산정동,태양,32.28,202307,18,2023-07-18,9,35,19,3.5,2920012700,0,5900
광주광역시 광산구 산정동,태양,32.28,202307,27,2023-07-27,7,35,19,3.5,2920012700,0,6300
광주광역시 광산구 산정동,하남2지구중흥S-클래스,84.9924,202307,1,2023-07-01,19,10,19,3.5,2920012700,0,42700
광주광역시 광산구 산정동,하남2지구중흥S-클래스,84.9933,202307,11,2023-07-11,3,10,19,3.5,2920012700,0,41500
광주광역시 광산구 선암동,광주선운지구이지더원3단지,72.6814,202307,20,2023-07-20,22,7,6,3.5,2920010700,0,38200
광주광역시 광산구 선암동,광주선운지구이지더원3단지,72.6814,202307,26,2023-07-26,11,7,6,3.5,2920010700,0,37000
광주광역시 광산구 선암동,선운지구다사로움,84.8497,202307,3,2023-07-03,11,8,6,3.5,2920010700,0,30000
광주광역시 광산구 선암동,선운지구다사로움,49.7426,202307,22,2023-07-22,14,8,6,3.5,2920010700,0,23000
광주광역시 광산구 선암동,선운지구해광샹그릴라,82.4746,202307,11,2023-07-11,13,9,6,3.5,2920010700,0,29000
광주광역시 광산구 선암동,선운지구해광샹그릴라,82.2457,202307,18,2023-07-18,11,9,6,3.5,2920010700,0,40000
광주광역시 광산구 소촌동,EG스위트밸리2차,84.9831,202307,12,2023-07-12,3,22,17,3.5,2920010800,0,20500
광주광역시 광산구 소촌동,모아드림타운1차,36.3544,202307,1,2023-07-01,7,23,17,3.5,2920010800,0,8300
광주광역시 광산구 소촌동,모아드림타운1차,59.3556,202307,7,2023-07-07,3,23,17,3.5,2920010800,0,17900
광주광역시 광산구 소촌동,모아드림타운1차,36.3544,202307,11,2023-07-11,10,23,17,3.5,2920010800,0,8500
광주광역시 광산구 소촌동,모아드림타운2차,59.713,202307,6,2023-07-06,11,22,17,3.5,2920010800,0,15800
광주광역시 광산구 소촌동,모아드림타운2차,59.7128,202307,10,2023-07-10,9,22,17,3.5,2920010800,0,16000
광주광역시 광산구 소촌동,모아드림타운2차,59.7128,202307,13,2023-07-13,6,22,17,3.5,2920010800,0,15900
광주광역시 광산구 소촌동,보양맨션,59.58,202307,1,2023-07-01,3,35,17,3.5,2920010800,0,9050
광주광역시 광산구 소촌동,보양맨션,61.56,202307,3,2023-07-03,2,35,17,3.5,2920010800,0,8000
광주광역시 광산구 소촌동,삼라,59.94,202307,8,2023-07-08,14,26,17,3.5,2920010800,0,12400
광주광역시 광산구 소촌동,삼라,59.94,202307,26,2023-07-26,1,26,17,3.5,2920010800,0,36000
광주광역시 광산구 소촌동,서라3,59.985,202307,5,2023-07-05,4,25,17,3.5,2920010800,0,10200
광주광역시 광산구 소촌동,서라3,59.7,202307,14,2023-07-14,2,25,17,3.5,2920010800,0,9500
광주광역시 광산구 소촌동,소촌동대성베르힐,84.931,202307,18,2023-07-18,12,12,17,3.5,2920010800,0,28500
광주광역시 광산구 소촌동,송광파크맨션3,59.94,202307,10,2023-07-10,6,28,17,3.5,2920010800,0,11500
광주광역시 광산구 소촌동,온세계아이조움,84.7449,202307,4,2023-07-04,15,21,17,3.5,2920010800,0,22500
광주광역시 광산구 소촌동,힐스테이트광산,84.9216,202307,12,2023-07-12,8,1,17,3.5,2920010800,0,46000
광주광역시 광산구 송정동,광신프로그레스,114.8356,202307,1,2023-07-01,9,16,17,3.5,2920010100,2,43000
광주광역시 광산구 송정동,광신프로그레스,84.898,202307,17,2023-07-17,14,16,17,3.5,2920010100,2,39000
광주광역시 광산구 송정동,대천,58.95,202307,5,2023-07-05,4,39,17,3.5,2920010100,2,9500
광주광역시 광산구 송정동,대화,59.91,202307,5,2023-07-05,11,25,17,3.5,2920010100,2,11700
광주광역시 광산구 송정동,대화,59.91,202307,15,2023-07-15,3,25,17,3.5,2920010100,2,11000
광주광역시 광산구 송정동,라인1,59.91,202307,10,2023-07-10,9,26,17,3.5,2920010100,2,11700
광주광역시 광산구 송정동,라인2,59.87,202307,12,2023-07-12,10,25,17,3.5,2920010100,2,15000
광주광역시 광산구 송정동,라인2,84.99,202307,13,2023-07-13,13,25,17,3.5,2920010100,2,21000
광주광역시 광산구 송정동,마이다스빌,50.51,202307,31,2023-07-31,1,24,17,3.5,2920010100,2,8850
광주광역시 광산구 송정동,모아,59.52,202307,6,2023-07-06,11,26,17,3.5,2920010100,2,10500
광주광역시 광산구 송정동,모아,59.52,202307,13,2023-07-13,5,26,17,3.5,2920010100,2,13700
광주광역시 광산구 송정동,보라맨션,74.25,202307,22,2023-07-22,7,32,17,3.5,2920010100,2,13000
광주광역시 광산구 송정동,송정뜰안애,16.8123,202307,19,2023-07-19,4,9,17,3.5,2920010100,2,5400
광주광역시 광산구 송정동,송정역모아엘가아파트,62.557,202307,28,2023-07-28,12,5,17,3.5,2920010100,2,30000
광주광역시 광산구 송정동,송정역숲안애2차,76.447,202307,29,2023-07-29,10,2,17,3.5,2920010100,2,36300
광주광역시 광산구 송정동,신한화,59.88,202307,12,2023-07-12,7,26,17,3.5,2920010100,2,11300
광주광역시 광산구 송정동,온세계아이조움,84.5844,202307,7,2023-07-07,8,19,17,3.5,2920010100,2,25600
광주광역시 광산구 수완동,광주수완6차대방노블랜드,115.9435,202307,24,2023-07-24,6,10,17,3.5,2920011400,0,83000
광주광역시 광산구 수완동,모아엘가,84.9331,202307,15,2023-07-15,20,14,17,3.5,2920011400,0,67500
광주광역시 광산구 수완동,모아엘가,84.9331,202307,19,2023-07-19,1,14,17,3.5,2920011400,0,62000
광주광역시 광산구 수완동,모아엘가,79.8427,202307,29,2023-07-29,15,14,17,3.5,2920011400,0,59000
광주광역시 광산구 수완동,수완영무예다음2차,84.7296,202307,9,2023-07-09,2,11,17,3.5,2920011400,0,42500
광주광역시 광산구 수완동,우미린2차,84.835,202307,7,2023-07-07,22,15,17,3.5,2920011400,0,50000
광주광역시 광산구 수완동,우미린2차,84.9547,202307,10,2023-07-10,3,15,17,3.5,2920011400,0,44300
광주광역시 광산구 수완동,우미린2차,84.9547,202307,12,2023-07-12,18,15,17,3.5,2920011400,0,50000
광주광역시 광산구 수완동,우미린2차,84.9547,202307,16,2023-07-16,16,15,17,3.5,2920011400,0,50700
광주광역시 광산구 수완동,우미린2차,84.9547,202307,17,2023-07-17,4,15,17,3.5,2920011400,0,44800
광주광역시 광산구 수완동,우미린2차,84.9547,202307,17,2023-07-17,4,15,17,3.5,2920011400,0,44800
광주광역시 광산구 수완동,우미린2차,84.9547,202307,22,2023-07-22,10,15,17,3.5,2920011400,0,50000
광주광역시 광산구 수완동,우미린2차,84.835,202307,22,2023-07-22,21,15,17,3.5,2920011400,0,51000
광주광역시 광산구 수완동,우미린2차,84.9626,202307,29,2023-07-29,2,15,17,3.5,2920011400,0,44800
광주광역시 광산구 수완동,코오롱하늘채,103.71,202307,1,2023-07-01,10,15,17,3.5,2920011400,0,67000
광주광역시 광산구 수완동,코오롱하늘채,123.38,202307,19,2023-07-19,1,15,17,3.5,2920011400,0,93600
광주광역시 광산구 수완동,해솔마을대방노블랜드2차,84.8177,202307,20,2023-07-20,11,12,17,3.5,2920011400,0,59000
광주광역시 광산구 신가동,대방노블랜드,84.9366,202307,6,2023-07-06,17,14,35,3.5,2920011900,0,50000
광주광역시 광산구 신가동,대방노블랜드,84.9366,202307,9,2023-07-09,3,14,35,3.5,2920011900,0,45800
광주광역시 광산구 신가동,대방노블랜드,84.9366,202307,31,2023-07-31,3,14,35,3.5,2920011900,0,49000
광주광역시 광산구 신가동,대방노블랜드,84.9366,202307,31,2023-07-31,20,14,35,3.5,2920011900,0,48500
광주광역시 광산구 신가동,수동리안아파트,59.77,202307,4,2023-07-04,2,21,35,3.5,2920011900,0,16500
광주광역시 광산구 신가동,수완대성베르힐,84.9888,202307,10,2023-07-10,4,10,35,3.5,2920011900,0,47500
광주광역시 광산구 신가동,수완대성베르힐,84.9888,202307,25,2023-07-25,16,10,35,3.5,2920011900,0,52000
광주광역시 광산구 신가동,수완지구호반베르디움1차,84.884,202307,1,2023-07-01,10,11,35,3.5,2920011900,0,65000
광주광역시 광산구 신가동,수완지구호반베르디움1차,84.884,202307,5,2023-07-05,22,11,35,3.5,2920011900,0,67000
광주광역시 광산구 신가동,수완지구호반베르디움1차,84.884,202307,10,2023-07-10,7,11,35,3.5,2920011900,0,65500
광주광역시 광산구 신가동,수완지구호반베르디움1차,84.8832,202307,14,2023-07-14,3,11,35,3.5,2920011900,0,57000
광주광역시 광산구 신가동,수완지구호반베르디움1차,84.8832,202307,15,2023-07-15,10,11,35,3.5,2920011900,0,59800
광주광역시 광산구 신가동,수완지구호반베르디움1차,84.884,202307,16,2023-07-16,4,11,35,3.5,2920011900,0,62000
광주광역시 광산구 신가동,수완지구호반베르디움1차,84.884,202307,19,2023-07-19,9,11,35,3.5,2920011900,0,65700
광주광역시 광산구 신가동,수완지구호반베르디움1차,84.884,202307,28,2023-07-28,13,11,35,3.5,2920011900,0,65500
광주광역시 광산구 신가동,수완지구호반베르디움1차,84.9173,202307,29,2023-07-29,15,11,35,3.5,2920011900,0,60000
광주광역시 광산구 신가동,수완진아리채1차,68.7848,202307,23,2023-07-23,5,11,35,3.5,2920011900,0,42000
광주광역시 광산구 신가동,신창6차호반베르디움,70.9346,202307,11,2023-07-11,6,18,35,3.5,2920011900,0,32000
광주광역시 광산구 신가동,신창7차부영사랑으로,84.9931,202307,4,2023-07-04,6,17,35,3.5,2920011900,0,30000
광주광역시 광산구 신가동,신창7차부영사랑으로,84.9931,202307,7,2023-07-07,12,17,35,3.5,2920011900,0,33500
광주광역시 광산구 신가동,신창7차부영사랑으로,84.9931,202307,19,2023-07-19,14,17,35,3.5,2920011900,0,30500
광주광역시 광산구 신가동,우미이노스빌,59.8276,202307,25,2023-07-25,10,21,35,3.5,2920011900,0,21000
광주광역시 광산구 신가동,중흥2,71.345,202307,7,2023-07-07,14,25,35,3.5,2920011900,0,18500
광주광역시 광산구 신가동,중흥2,84.66,202307,18,2023-07-18,9,25,35,3.5,2920011900,0,25000
광주광역시 광산구 신가동,중흥2,71.345,202307,20,2023-07-20,10,25,35,3.5,2920011900,0,17600
광주광역시 광산구 신가동,중흥S클래스1단지,84.6347,202307,4,2023-07-04,20,14,35,3.5,2920011900,0,53000
광주광역시 광산구 신가동,중흥S클래스1단지,84.6347,202307,11,2023-07-11,6,14,35,3.5,2920011900,0,50000
광주광역시 광산구 신가동,중흥S클래스1단지,84.4012,202307,19,2023-07-19,6,14,35,3.5,2920011900,0,58500
광주광역시 광산구 신가동,중흥S클래스1단지,84.9264,202307,24,2023-07-24,3,14,35,3.5,2920011900,0,45500
광주광역시 광산구 신가동,한양수자인,84.8894,202307,1,2023-07-01,18,14,35,3.5,2920011900,0,43000
광주광역시 광산구 신가동,한양수자인,84.6075,202307,8,2023-07-08,24,14,35,3.5,2920011900,0,48500
광주광역시 광산구 신가동,한양수자인,84.6075,202307,11,2023-07-11,5,14,35,3.5,2920011900,0,46000
광주광역시 광산구 신가동,한양수자인,84.8894,202307,18,2023-07-18,15,14,35,3.5,2920011900,0,47000
광주광역시 광산구 신가동,호반리젠시빌1차,84.0624,202307,23,2023-07-23,2,22,35,3.5,2920011900,0,28000
광주광역시 광산구 신가동,호반리젠시빌2차,84.0624,202307,24,2023-07-24,6,22,35,3.5,2920011900,0,23000
광주광역시 광산구 신창동,광주신창동대광로제비앙아파트,73.9152,202307,9,2023-07-09,15,7,38,3.5,2920011800,0,32400
광주광역시 광산구 신창동,광주신창동대광로제비앙아파트,74.6076,202307,26,2023-07-26,15,7,38,3.5,2920011800,0,33700
광주광역시 광산구 신창동,대라수아파트,59.9227,202307,8,2023-07-08,1,6,38,3.5,2920011800,0,21000
광주광역시 광산구 신창동,신가부영,84.9873,202307,19,2023-07-19,8,22,38,3.5,2920011800,0,27900
광주광역시 광산구 신창동,신가부영,84.9873,202307,20,2023-07-20,17,22,38,3.5,2920011800,0,24500
광주광역시 광산구 신창동,신가부영,84.9873,202307,29,2023-07-29,13,22,38,3.5,2920011800,0,27000
광주광역시 광산구 신창동,신창2차부영,84.7886,202307,9,2023-07-09,12,18,38,3.5,2920011800,0,28100
광주광역시 광산구 신창동,신창2차부영,84.7886,202307,18,2023-07-18,1,18,38,3.5,2920011800,0,27500
광주광역시 광산구 신창동,신창2차부영,84.7886,202307,25,2023-07-25,1,18,38,3.5,2920011800,0,29000
광주광역시 광산구 신창동,신창2차부영,84.7886,202307,26,2023-07-26,8,18,38,3.5,2920011800,0,28000
광주광역시 광산구 신창동,신창3차부영사랑으로,59.748,202307,1,2023-07-01,2,17,38,3.5,2920011800,0,18900
광주광역시 광산구 신창동,신창3차부영사랑으로,59.748,202307,3,2023-07-03,9,17,38,3.5,2920011800,0,22800
광주광역시 광산구 신창동,신창3차부영사랑으로,59.748,202307,5,2023-07-05,9,17,38,3.5,2920011800,0,20000
광주광역시 광산구 신창동,신창3차부영사랑으로,59.748,202307,6,2023-07-06,11,17,38,3.5,2920011800,0,21000
광주광역시 광산구 신창동,신창3차부영사랑으로,59.748,202307,7,2023-07-07,8,17,38,3.5,2920011800,0,21500
광주광역시 광산구 신창동,신창3차부영사랑으로,59.748,202307,10,2023-07-10,6,17,38,3.5,2920011800,0,20900
광주광역시 광산구 신창동,신창3차부영사랑으로,59.748,202307,10,2023-07-10,2,17,38,3.5,2920011800,0,22000
광주광역시 광산구 신창동,신창3차부영사랑으로,59.748,202307,15,2023-07-15,4,17,38,3.5,2920011800,0,20500
광주광역시 광산구 신창동,신창3차부영사랑으로,59.748,202307,15,2023-07-15,12,17,38,3.5,2920011800,0,22600
광주광역시 광산구 신창동,신창3차부영사랑으로,59.748,202307,20,2023-07-20,11,17,38,3.5,2920011800,0,21800
광주광역시 광산구 신창동,신창3차부영사랑으로,59.748,202307,23,2023-07-23,5,17,38,3.5,2920011800,0,20200
광주광역시 광산구 신창동,신창3차호반베르디움,69.4646,202307,11,2023-07-11,12,18,38,3.5,2920011800,0,29000
광주광역시 광산구 신창동,신창3차호반베르디움,84.8581,202307,20,2023-07-20,13,18,38,3.5,2920011800,0,34000
광주광역시 광산구 신창동,신창3차호반베르디움,69.4646,202307,29,2023-07-29,13,18,38,3.5,2920011800,0,30500
광주광역시 광산구 신창동,신창5차부영사랑으로,84.9931,202307,20,2023-07-20,5,17,38,3.5,2920011800,0,33500
광주광역시 광산구 신창동,신창5차부영사랑으로,84.9931,202307,25,2023-07-25,10,17,38,3.5,2920011800,0,35000
광주광역시 광산구 신창동,신창5차부영사랑으로,84.9931,202307,26,2023-07-26,8,17,38,3.5,2920011800,0,32500
광주광역시 광산구 신창동,신창5차호반베르디움,84.9429,202307,20,2023-07-20,6,18,38,3.5,2920011800,0,35000
광주광역시 광산구 신창동,신창5차호반베르디움,84.976,202307,22,2023-07-22,5,18,38,3.5,2920011800,0,38700
광주광역시 광산구 신창동,신창동모아미래도,36.45,202307,24,2023-07-24,12,23,38,3.5,2920011800,0,6000
광주광역시 광산구 신창동,신창부영,84.7886,202307,7,2023-07-07,8,18,38,3.5,2920011800,0,24900
광주광역시 광산구 신창동,신창부영,84.7886,202307,15,2023-07-15,2,18,38,3.5,2920011800,0,24200
광주광역시 광산구 신창동,신창부영,84.7886,202307,17,2023-07-17,10,18,38,3.5,2920011800,0,25150
광주광역시 광산구 신창동,신창부영,84.7886,202307,28,2023-07-28,2,18,38,3.5,2920011800,0,24000
광주광역시 광산구 신창동,신창유탑유블레스리버뷰,84.9882,202307,11,2023-07-11,3,3,38,3.5,2920011800,0,40000
광주광역시 광산구 신창동,신창유탑유블레스리버뷰,84.9882,202307,21,2023-07-21,8,3,38,3.5,2920011800,0,44900
광주광역시 광산구 신창동,중흥1,59.94,202307,15,2023-07-15,1,28,38,3.5,2920011800,0,13000
광주광역시 광산구 신창동,중흥1,59.94,202307,18,2023-07-18,3,28,38,3.5,2920011800,0,13000
광주광역시 광산구 신촌동,대주파크빌,84.9181,202307,5,2023-07-05,4,19,2,3.5,2920010400,1,16000
광주광역시 광산구 신촌동,중도다이아빌,57.5562,202307,16,2023-07-16,2,20,2,3.5,2920010400,1,8500
광주광역시 광산구 쌍암동,쌍암중흥에스-클래스리버시티,76.9179,202307,6,2023-07-06,10,6,15,3.5,2920011600,0,41000
광주광역시 광산구 쌍암동,쌍암중흥에스-클래스리버시티,76.9179,202307,22,2023-07-22,11,6,15,3.5,2920011600,0,43500
광주광역시 광산구 쌍암동,에이엠시티센트럴파크,40.9226,202307,4,2023-07-04,13,8,15,3.5,2920011600,0,16000
광주광역시 광산구 쌍암동,에이엠시티센트럴파크,40.9226,202307,6,2023-07-06,9,8,15,3.5,2920011600,0,11700
광주광역시 광산구 쌍암동,에이엠시티센트럴파크,40.9226,202307,12,2023-07-12,15,8,15,3.5,2920011600,0,16000
광주광역시 광산구 쌍암동,첨단센트럴파크2차,47.44,202307,5,2023-07-05,11,5,15,3.5,2920011600,0,17000
광주광역시 광산구 쌍암동,첨단센트럴파크2차,41.83,202307,24,2023-07-24,7,5,15,3.5,2920011600,0,14000
광주광역시 광산구 쌍암동,한양에드가301동,26.36,202307,19,2023-07-19,4,10,15,3.5,2920011600,0,4950
광주광역시 광산구 쌍암동,힐스테이트리버파크,84.94,202307,4,2023-07-04,1,4,15,3.5,2920011600,0,58000
광주광역시 광산구 쌍암동,힐스테이트리버파크,74.79,202307,6,2023-07-06,35,4,15,3.5,2920011600,0,56700
광주광역시 광산구 쌍암동,힐스테이트리버파크,84.95,202307,7,2023-07-07,18,4,15,3.5,2920011600,0,68800
광주광역시 광산구 쌍암동,힐스테이트리버파크,84.97,202307,8,2023-07-08,6,4,15,3.5,2920011600,0,61000
광주광역시 광산구 쌍암동,힐스테이트리버파크,74.79,202307,21,2023-07-21,27,4,15,3.5,2920011600,0,55000
광주광역시 광산구 쌍암동,힐스테이트리버파크,84.95,202307,26,2023-07-26,3,4,15,3.5,2920011600,0,59800
광주광역시 광산구 쌍암동,힐스테이트리버파크,84.95,202307,31,2023-07-31,10,4,15,3.5,2920011600,0,63200
광주광역시 광산구 우산동,대광로제비앙,84.8724,202307,1,2023-07-01,7,16,35,3.5,2920010900,0,35000
광주광역시 광산구 우산동,동산아파트,59.61,202307,7,2023-07-07,7,32,35,3.5,2920010900,0,11400
광주광역시 광산구 우산동,동산아파트,59.61,202307,21,2023-07-21,3,32,35,3.5,2920010900,0,12900
광주광역시 광산구 우산동,동산아파트,59.61,202307,22,2023-07-22,12,32,35,3.5,2920010900,0,13600
광주광역시 광산구 우산동,리버힐,49.86,202307,4,2023-07-04,10,31,35,3.5,2920010900,0,11900
광주광역시 광산구 우산동,무진로진아리채리버뷰,84.9945,202307,15,2023-07-15,17,1,35,3.5,2920010900,0,45200
광주광역시 광산구 우산동,무진로진아리채리버뷰,84.9945,202307,15,2023-07-15,17,1,35,3.5,2920010900,0,45200
광주광역시 광산구 우산동,세계수영선수촌 중흥에스-클래스 센트럴,59.9323,202307,2,2023-07-02,4,3,35,3.5,2920010900,0,30000
광주광역시 광산구 우산동,세계수영선수촌 중흥에스-클래스 센트럴,75.9493,202307,9,2023-07-09,11,3,35,3.5,2920010900,0,37300
광주광역시 광산구 우산동,세계수영선수촌 중흥에스-클래스 센트럴,59.9323,202307,18,2023-07-18,7,3,35,3.5,2920010900,0,30000
광주광역시 광산구 우산동,세계수영선수촌 중흥에스-클래스 센트럴,75.9493,202307,26,2023-07-26,15,3,35,3.5,2920010900,0,38000
광주광역시 광산구 우산동,세계수영선수촌 중흥에스-클래스 센트럴,84.9276,202307,27,2023-07-27,14,3,35,3.5,2920010900,0,43000
광주광역시 광산구 우산동,송광1,59.94,202307,16,2023-07-16,3,29,35,3.5,2920010900,0,7500
광주광역시 광산구 우산동,송광1,59.94,202307,31,2023-07-31,9,29,35,3.5,2920010900,0,8000
광주광역시 광산구 우산동,쌍용더플래티넘광산,84.9784,202307,3,2023-07-03,15,2,35,3.5,2920010900,0,55000
광주광역시 광산구 우산동,어등하이빌,59.67,202307,14,2023-07-14,3,31,35,3.5,2920010900,0,13000
광주광역시 광산구 우산동,어등하이빌,59.67,202307,28,2023-07-28,13,31,35,3.5,2920010900,0,13900
광주광역시 광산구 우산동,에드가리움,49.6349,202307,18,2023-07-18,6,6,35,3.5,2920010900,0,12000
광주광역시 광산구 우산동,우산동동부센트레빌,84.4942,202307,9,2023-07-09,13,4,35,3.5,2920010900,0,34400
광주광역시 광산구 우산동,우산동동부센트레빌,84.922,202307,18,2023-07-18,14,4,35,3.5,2920010900,0,35500
광주광역시 광산구 우산동,우산동중흥s-클래스리버티,84.9543,202307,8,2023-07-08,13,8,35,3.5,2920010900,0,39500
광주광역시 광산구 우산동,우산동중흥s-클래스리버티,84.9543,202307,11,2023-07-11,4,8,35,3.5,2920010900,0,36900
광주광역시 광산구 우산동,우산동중흥s-클래스리버티,84.9543,202307,11,2023-07-11,9,8,35,3.5,2920010900,0,39000
광주광역시 광산구 우산동,우산동중흥s-클래스리버티,84.9543,202307,11,2023-07-11,11,8,35,3.5,2920010900,0,38300
광주광역시 광산구 우산동,우산동중흥s-클래스리버티,84.9543,202307,17,2023-07-17,7,8,35,3.5,2920010900,0,37000
광주광역시 광산구 우산동,우산동중흥s-클래스리버티,84.9543,202307,21,2023-07-21,12,8,35,3.5,2920010900,0,38500
광주광역시 광산구 우산동,우산동중흥s-클래스리버티,74.9629,202307,22,2023-07-22,10,8,35,3.5,2920010900,0,35000
광주광역시 광산구 우산동,우산동중흥s-클래스리버티,84.9543,202307,31,2023-07-31,4,8,35,3.5,2920010900,0,36500
광주광역시 광산구 우산동,제일파크맨션,75.18,202307,25,2023-07-25,3,31,35,3.5,2920010900,0,15000
광주광역시 광산구 우산동,하남우미,49.92,202307,20,2023-07-20,3,31,35,3.5,2920010900,0,9700
광주광역시 광산구 우산동,하남주공(2단지),44.52,202307,8,2023-07-08,10,32,35,3.5,2920010900,0,9050
광주광역시 광산구 우산동,하남주공(2단지),44.94,202307,10,2023-07-10,2,32,35,3.5,2920010900,0,7500
광주광역시 광산구 우산동,하남주공(2단지),38.64,202307,25,2023-07-25,11,32,35,3.5,2920010900,0,7250
광주광역시 광산구 우산동,하남주공(2단지),38.64,202307,28,2023-07-28,12,32,35,3.5,2920010900,0,7700
광주광역시 광산구 우산동,하남주공(2단지),44.94,202307,29,2023-07-29,11,32,35,3.5,2920010900,0,8500
광주광역시 광산구 운남동,남양,76.14,202307,31,2023-07-31,12,25,31,3.5,2920012000,0,21500
광주광역시 광산구 운남동,삼성,59.91,202307,4,2023-07-04,21,27,31,3.5,2920012000,0,14300
광주광역시 광산구 운남동,삼성,59.91,202307,11,2023-07-11,19,27,31,3.5,2920012000,0,15500
광주광역시 광산구 운남동,삼성,70.97,202307,11,2023-07-11,22,27,31,3.5,2920012000,0,17100
광주광역시 광산구 운남동,삼성,70.97,202307,13,2023-07-13,5,27,31,3.5,2920012000,0,17000
광주광역시 광산구 운남동,삼성,70.97,202307,15,2023-07-15,13,27,31,3.5,2920012000,0,16600
광주광역시 광산구 운남동,삼성,70.97,202307,15,2023-07-15,19,27,31,3.5,2920012000,0,18300
광주광역시 광산구 운남동,삼성,59.91,202307,15,2023-07-15,4,27,31,3.5,2920012000,0,14100
광주광역시 광산구 운남동,삼성,84.92,202307,23,2023-07-23,9,27,31,3.5,2920012000,0,20900
광주광역시 광산구 운남동,우방아이유쉘,59.7699,202307,2,2023-07-02,4,8,31,3.5,2920012000,0,28100
광주광역시 광산구 운남동,우방아이유쉘,59.7699,202307,2,2023-07-02,4,8,31,3.5,2920012000,0,28100
광주광역시 광산구 운남동,우방아이유쉘,59.7699,202307,10,2023-07-10,2,8,31,3.5,2920012000,0,30500
광주광역시 광산구 운남동,우방아이유쉘,59.7699,202307,29,2023-07-29,8,8,31,3.5,2920012000,0,29150
광주광역시 광산구 운남동,운남주공3단지,59.76,202307,5,2023-07-05,8,27,31,3.5,2920012000,0,11600
광주광역시 광산구 운남동,운남주공3단지,59.76,202307,5,2023-07-05,8,27,31,3.5,2920012000,0,11600
광주광역시 광산구 운남동,운남주공3단지,59.76,202307,6,2023-07-06,17,27,31,3.5,2920012000,0,15500
광주광역시 광산구 운남동,운남주공3단지,37.67,202307,23,2023-07-23,7,27,31,3.5,2920012000,0,8700
광주광역시 광산구 운남동,운남주공5단지,84.77,202307,3,2023-07-03,4,26,31,3.5,2920012000,0,27000
광주광역시 광산구 운남동,운남주공5단지,84.77,202307,28,2023-07-28,18,26,31,3.5,2920012000,0,22000
광주광역시 광산구 운남동,운남주공7단지,49.83,202307,5,2023-07-05,15,22,31,3.5,2920012000,0,16350
광주광역시 광산구 운남동,운남주공7단지,49.97,202307,5,2023-07-05,2,22,31,3.5,2920012000,0,13200
광주광역시 광산구 운남동,운남주공7단지,49.83,202307,6,2023-07-06,14,22,31,3.5,2920012000,0,15900
광주광역시 광산구 운남동,운남주공7단지,39.99,202307,13,2023-07-13,14,22,31,3.5,2920012000,0,9000
광주광역시 광산구 운남동,운남주공7단지,39.99,202307,15,2023-07-15,9,22,31,3.5,2920012000,0,11700
광주광역시 광산구 운남동,운남주공7단지,49.83,202307,18,2023-07-18,17,22,31,3.5,2920012000,0,13000
광주광역시 광산구 운남동,운남주공7단지,49.83,202307,22,2023-07-22,8,22,31,3.5,2920012000,0,16500
광주광역시 광산구 운남동,운남주공7단지,59.29,202307,22,2023-07-22,1,22,31,3.5,2920012000,0,17600
광주광역시 광산구 운남동,운남주공8단지,59.41,202307,1,2023-07-01,11,23,31,3.5,2920012000,0,18700
광주광역시 광산구 운남동,운남주공8단지,59.41,202307,21,2023-07-21,15,23,31,3.5,2920012000,0,18000
광주광역시 광산구 운남동,운남주공8단지,59.41,202307,28,2023-07-28,14,23,31,3.5,2920012000,0,17575
광주광역시 광산구 운남동,운남진아리채리버힐즈,84.9895,202307,21,2023-07-21,13,3,31,3.5,2920012000,0,47500
광주광역시 광산구 월계동,무들에코클래스,19.9836,202307,5,2023-07-05,15,9,18,3.5,2920011500,0,5300
광주광역시 광산구 월계동,벽산,84.99,202307,22,2023-07-22,14,25,18,3.5,2920011500,0,29000
광주광역시 광산구 월계동,성원,93.18,202307,2,2023-07-02,3,26,18,3.5,2920011500,0,29000
광주광역시 광산구 월계동,쌍용,84.99,202307,20,2023-07-20,5,27,18,3.5,2920011500,0,34500
광주광역시 광산구 월계동,우미3,59.83,202307,13,2023-07-13,5,26,18,3.5,2920011500,0,17500
광주광역시 광산구 월계동,우미3,59.83,202307,27,2023-07-27,5,26,18,3.5,2920011500,0,18000
광주광역시 광산구 월계동,일신,92.205,202307,31,2023-07-31,1,28,18,3.5,2920011500,0,21000
광주광역시 광산구 월계동,첨단남양파크,59.82,202307,3,2023-07-03,5,27,18,3.5,2920011500,0,19300
광주광역시 광산구 월계동,첨단대우,99.9,202307,15,2023-07-15,12,26,18,3.5,2920011500,0,40000
광주광역시 광산구 월계동,첨단대우,89.04,202307,17,2023-07-17,12,26,18,3.5,2920011500,0,30500
광주광역시 광산구 월계동,첨단동부,126.645,202307,8,2023-07-08,5,26,18,3.5,2920011500,0,48000
광주광역시 광산구 월계동,첨단두산2,59.997,202307,25,2023-07-25,5,27,18,3.5,2920011500,0,19900
광주광역시 광산구 월계동,첨단라인1,60,202307,12,2023-07-12,3,28,18,3.5,2920011500,0,25200
광주광역시 광산구 월계동,첨단라인1,60,202307,25,2023-07-25,5,28,18,3.5,2920011500,0,25200
광주광역시 광산구 월계동,첨단라인2차,60,202307,5,2023-07-05,2,28,18,3.5,2920011500,0,24000
광주광역시 광산구 월계동,첨단라인6,76.5,202307,12,2023-07-12,3,26,18,3.5,2920011500,0,24300
광주광역시 광산구 월계동,첨단라인8,59.9,202307,1,2023-07-01,4,26,18,3.5,2920011500,0,20500
광주광역시 광산구 월계동,호반1차,59.95,202307,30,2023-07-30,4,28,18,3.5,2920011500,0,23000
광주광역시 광산구 월곡동,운남주공10단지,59.92,202307,8,2023-07-08,19,20,10,3.5,2920012800,0,21700
광주광역시 광산구 월곡동,운남주공10단지,59.92,202307,22,2023-07-22,12,20,10,3.5,2920012800,0,19700
광주광역시 광산구 월곡동,운남주공10단지,59.92,202307,22,2023-07-22,12,20,10,3.5,2920012800,0,20000
광주광역시 광산구 월곡동,운남주공9단지,84.75,202307,15,2023-07-15,4,20,10,3.5,2920012800,0,26900
광주광역시 광산구 월곡동,일신,84.51,202307,12,2023-07-12,12,31,10,3.5,2920012800,0,17500
광주광역시 광산구 월곡동,일신,84.51,202307,19,2023-07-19,8,31,10,3.5,2920012800,0,22000
광주광역시 광산구 월곡동,한성1차,47.54,202307,21,2023-07-21,2,35,10,3.5,2920012800,0,13100
광주광역시 광산구 월곡동,한성1차,49.32,202307,25,2023-07-25,3,35,10,3.5,2920012800,0,13600
광주광역시 광산구 월곡동,한성2차,49.98,202307,18,2023-07-18,11,32,10,3.5,2920012800,0,9000
광주광역시 광산구 월곡동,한성2차,59.04,202307,31,2023-07-31,4,32,10,3.5,2920012800,0,11160
광주광역시 광산구 장덕동,골드클래스,84.9606,202307,2,2023-07-02,24,10,30,3.5,2920012300,0,50000
광주광역시 광산구 장덕동,골드클래스,59.9817,202307,14,2023-07-14,18,10,30,3.5,2920012300,0,32000
광주광역시 광산구 장덕동,골드클래스,74.9851,202307,19,2023-07-19,8,10,30,3.5,2920012300,0,40000
광주광역시 광산구 장덕동,골드클래스,59.9817,202307,22,2023-07-22,2,10,30,3.5,2920012300,0,29000
광주광역시 광산구 장덕동,광주수완세영리첼,84.9871,202307,6,2023-07-06,14,9,30,3.5,2920012300,0,49300
광주광역시 광산구 장덕동,광주수완세영리첼,84.9871,202307,12,2023-07-12,6,9,30,3.5,2920012300,0,46500
광주광역시 광산구 장덕동,광주수완세영리첼,84.6782,202307,15,2023-07-15,2,9,30,3.5,2920012300,0,41500
광주광역시 광산구 장덕동,대주피오레1단지,84.9411,202307,14,2023-07-14,2,14,30,3.5,2920012300,0,47500
광주광역시 광산구 장덕동,부영애시앙1차,84.2801,202307,17,2023-07-17,16,15,30,3.5,2920012300,0,29500
광주광역시 광산구 장덕동,성덕마을대방노블랜드3차,156.5054,202307,6,2023-07-06,14,12,30,3.5,2920012300,0,98500
광주광역시 광산구 장덕동,성덕마을대방노블랜드3차,156.5054,202307,14,2023-07-14,3,12,30,3.5,2920012300,0,92000
광주광역시 광산구 장덕동,성덕마을대방노블랜드3차,156.5054,202307,22,2023-07-22,13,12,30,3.5,2920012300,0,104000
광주광역시 광산구 장덕동,성덕마을대방노블랜드5차,129.084,202307,7,2023-07-07,9,12,30,3.5,2920012300,0,84500
광주광역시 광산구 장덕동,수완GS자이,147.815,202307,23,2023-07-23,2,15,30,3.5,2920012300,0,86000
광주광역시 광산구 장덕동,수완루아채,84.2801,202307,1,2023-07-01,13,15,30,3.5,2920012300,0,32000
광주광역시 광산구 장덕동,수완루아채,84.2801,202307,4,2023-07-04,12,15,30,3.5,2920012300,0,30000
광주광역시 광산구 장덕동,수완루아채,84.2801,202307,4,2023-07-04,9,15,30,3.5,2920012300,0,35800
광주광역시 광산구 장덕동,수완루아채,84.2801,202307,5,2023-07-05,4,15,30,3.5,2920012300,0,34000
광주광역시 광산구 장덕동,수완루아채,84.2801,202307,7,2023-07-07,2,15,30,3.5,2920012300,0,34700
광주광역시 광산구 장덕동,수완루아채,84.2801,202307,8,2023-07-08,18,15,30,3.5,2920012300,0,34700
광주광역시 광산구 장덕동,수완루아채,84.2801,202307,8,2023-07-08,18,15,30,3.5,2920012300,0,34700
광주광역시 광산구 장덕동,수완루아채,84.2801,202307,24,2023-07-24,4,15,30,3.5,2920012300,0,36500
광주광역시 광산구 장덕동,수완루아채,84.2801,202307,25,2023-07-25,12,15,30,3.5,2920012300,0,34000
광주광역시 광산구 장덕동,수완지구호반베르디움2차,84.9462,202307,7,2023-07-07,3,10,30,3.5,2920012300,0,43200
광주광역시 광산구 장덕동,수완지구호반베르디움2차,84.9462,202307,19,2023-07-19,11,10,30,3.5,2920012300,0,49000
광주광역시 광산구 장덕동,수완지구호반베르디움2차,84.9462,202307,24,2023-07-24,2,10,30,3.5,2920012300,0,43100
광주광역시 광산구 장덕동,진흥더루벤스,84.967,202307,5,2023-07-05,23,14,30,3.5,2920012300,0,56900
광주광역시 광산구 장덕동,진흥더루벤스,84.967,202307,14,2023-07-14,2,14,30,3.5,2920012300,0,35000
광주광역시 광산구 장덕동,진흥더루벤스,84.967,202307,27,2023-07-27,11,14,30,3.5,2920012300,0,38300
광주광역시 광산구 장덕동,현진에버빌2단지,84.9568,202307,16,2023-07-16,7,14,30,3.5,2920012300,0,50000
광주광역시 광산구 하남동,부영사랑으로,84.8198,202307,4,2023-07-04,7,14,12,3.5,2920012500,0,27900
광주광역시 광산구 하남동,부영사랑으로,84.8198,202307,11,2023-07-11,15,14,12,3.5,2920012500,0,27750
광주광역시 광산구 하남동,부영사랑으로,84.8198,202307,14,2023-07-14,11,14,12,3.5,2920012500,0,26500
광주광역시 광산구 하남동,부영사랑으로,84.8198,202307,15,2023-07-15,17,14,12,3.5,2920012500,0,28800
광주광역시 광산구 하남동,부영사랑으로,84.8198,202307,17,2023-07-17,12,14,12,3.5,2920012500,0,28000
광주광역시 광산구 하남동,부영사랑으로,84.8198,202307,26,2023-07-26,1,14,12,3.5,2920012500,0,26700
광주광역시 광산구 하남동,부영사랑으로,84.8198,202307,28,2023-07-28,16,14,12,3.5,2920012500,0,30000
광주광역시 광산구 하남동,부영사랑으로,84.8198,202307,29,2023-07-29,15,14,12,3.5,2920012500,0,28400
광주광역시 광산구 하남동,하남3지구모아엘가,84.9817,202307,1,2023-07-01,12,5,12,3.5,2920012500,0,44800
광주광역시 광산구 하남동,하남3지구모아엘가,84.9966,202307,10,2023-07-10,17,5,12,3.5,2920012500,0,45400
광주광역시 광산구 하남동,하남3지구모아엘가,84.9966,202307,20,2023-07-20,10,5,12,3.5,2920012500,0,43000
광주광역시 광산구 하남동,하남3지구모아엘가,84.9966,202307,25,2023-07-25,21,5,12,3.5,2920012500,0,45400
광주광역시 광산구 흑석동,수완센트럴시티서희스타힐스,72.9919,202307,24,2023-07-24,11,2,6,3.5,2920012400,0,35000
광주광역시 광산구 흑석동,수완이지더원,59.8832,202307,1,2023-07-01,4,11,6,3.5,2920012400,0,29000
광주광역시 광산구 흑석동,수완이지더원,59.8832,202307,1,2023-07-01,14,11,6,3.5,2920012400,0,31000
광주광역시 광산구 흑석동,수완이지더원,59.8832,202307,5,2023-07-05,13,11,6,3.5,2920012400,0,32000
광주광역시 광산구 흑석동,수완이지더원,59.8832,202307,18,2023-07-18,4,11,6,3.5,2920012400,0,30000
광주광역시 광산구 흑석동,중흥에스-클래스2단지,84.4012,202307,6,2023-07-06,10,15,6,3.5,2920012400,0,40000
광주광역시 남구 노대동,남양휴튼,121.2466,202307,18,2023-07-18,7,14,3,3.5,2915510700,0,67500
광주광역시 남구 노대동,송화마을휴먼시아5단지,84.64,202307,20,2023-07-20,11,16,3,3.5,2915510700,0,27000
광주광역시 남구 노대동,송화마을휴먼시아5단지,84.93,202307,30,2023-07-30,6,16,3,3.5,2915510700,0,28800
광주광역시 남구 방림동,광명그린,59.98,202307,24,2023-07-24,5,35,8,3.5,2915511400,0,10400
광주광역시 남구 방림동,라인효친2,84.96,202307,24,2023-07-24,4,34,8,3.5,2915511400,0,18500
광주광역시 남구 방림동,모아,83.91,202307,26,2023-07-26,15,34,8,3.5,2915511400,0,18500
광주광역시 남구 방림동,무등산센트럴파크,51.85,202307,4,2023-07-04,11,14,8,3.5,2915511400,0,25000
광주광역시 남구 방림동,무등산센트럴파크,59.9,202307,6,2023-07-06,13,14,8,3.5,2915511400,0,32000
광주광역시 남구 방림동,무등산센트럴파크,84.82,202307,26,2023-07-26,16,14,8,3.5,2915511400,0,38900
광주광역시 남구 방림동,봉선중길한국아델리움5차아파트,61.5023,202307,6,2023-07-06,6,0,8,3.5,2915511400,0,27000
광주광역시 남구 방림동,삼일,78.18,202307,23,2023-07-23,1,43,8,3.5,2915511400,0,33000
광주광역시 남구 백운동,대주,84.97,202307,1,2023-07-01,2,34,13,3.5,2915510500,0,20050
광주광역시 남구 백운동,대흥백운스카이,59.94,202307,25,2023-07-25,1,28,13,3.5,2915510500,0,10500
광주광역시 남구 백운동,대흥백운스카이2,84.99,202307,11,2023-07-11,7,27,13,3.5,2915510500,0,18400
광주광역시 남구 백운동,대흥사직스카이,128.96,202307,7,2023-07-07,5,32,13,3.5,2915510500,0,22800
광주광역시 남구 백운동,대흥양림스카이,59.04,202307,2,2023-07-02,7,35,13,3.5,2915510500,0,12000
광주광역시 남구 백운동,대흥양림스카이,59.04,202307,21,2023-07-21,8,35,13,3.5,2915510500,0,11700
광주광역시 남구 백운동,루엔시티,115.75,202307,26,2023-07-26,1,12,13,3.5,2915510500,0,41500
광주광역시 남구 백운동,벽산,59.93,202307,26,2023-07-26,4,25,13,3.5,2915510500,0,14800
광주광역시 남구 백운동,현대(46-1),84.42,202307,5,2023-07-05,9,34,13,3.5,2915510500,0,21150
광주광역시 남구 백운동,힐스테이트백운,84.977,202307,12,2023-07-12,18,7,13,3.5,2915510500,0,55000
광주광역시 남구 백운동,힐스테이트백운,84.9959,202307,13,2023-07-13,12,7,13,3.5,2915510500,0,51000
광주광역시 남구 백운동,힐스테이트백운,84.9959,202307,19,2023-07-19,18,7,13,3.5,2915510500,0,51500
광주광역시 남구 백운동,힐스테이트백운,84.9959,202307,24,2023-07-24,15,7,13,3.5,2915510500,0,48000
광주광역시 남구 봉선동,금호2,84.96,202307,8,2023-07-08,7,28,39,3.5,2915511500,0,50800
광주광역시 남구 봉선동,금호2,84.96,202307,9,2023-07-09,5,28,39,3.5,2915511500,0,50000
광주광역시 남구 봉선동,금호2,84.83,202307,27,2023-07-27,3,28,39,3.5,2915511500,0,47500
광주광역시 남구 봉선동,금호타운1,84.52,202307,17,2023-07-17,15,30,39,3.5,2915511500,0,40500
광주광역시 남구 봉선동,남양휴튼1차,129.3502,202307,20,2023-07-20,11,14,39,3.5,2915511500,0,99000
광주광역시 남구 봉선동,남양휴튼1차,129.3502,202307,22,2023-07-22,6,14,39,3.5,2915511500,0,97000
광주광역시 남구 봉선동,라인광장1,59.98,202307,6,2023-07-06,4,36,39,3.5,2915511500,0,17000
광주광역시 남구 봉선동,라인하이츠,34.2,202307,12,2023-07-12,1,36,39,3.5,2915511500,0,15000
광주광역시 남구 봉선동,모아2단지1차,47.65,202307,4,2023-07-04,4,35,39,3.5,2915511500,0,11500
광주광역시 남구 봉선동,모아엘가,84.969,202307,4,2023-07-04,6,15,39,3.5,2915511500,0,56300
광주광역시 남구 봉선동,무등파크1,84.42,202307,14,2023-07-14,4,31,39,3.5,2915511500,0,24000
광주광역시 남구 봉선동,무등파크3차(1단지),84.73,202307,10,2023-07-10,6,31,39,3.5,2915511500,0,22500
광주광역시 남구 봉선동,무등파크3차(1단지),59.76,202307,17,2023-07-17,11,31,39,3.5,2915511500,0,16000
광주광역시 남구 봉선동,봉선2차남양휴튼,124.6235,202307,16,2023-07-16,6,12,39,3.5,2915511500,0,115000
광주광역시 남구 봉선동,봉선3차한국아델리움,84.9738,202307,21,2023-07-21,2,9,39,3.5,2915511500,0,93000
광주광역시 남구 봉선동,봉선동제일풍경채엘리트파크,84.9639,202307,3,2023-07-03,4,7,39,3.5,2915511500,0,86500
광주광역시 남구 봉선동,봉선동제일풍경채엘리트파크,84.968,202307,29,2023-07-29,5,7,39,3.5,2915511500,0,84500
광주광역시 남구 봉선동,봉선이지더원2단지,59.7827,202307,8,2023-07-08,7,11,39,3.5,2915511500,0,23500
광주광역시 남구 봉선동,삼익1,84.96,202307,3,2023-07-03,13,33,39,3.5,2915511500,0,38000
광주광역시 남구 봉선동,삼익1,84.96,202307,8,2023-07-08,7,33,39,3.5,2915511500,0,39000
광주광역시 남구 봉선동,삼익1,84.96,202307,8,2023-07-08,7,33,39,3.5,2915511500,0,40900
광주광역시 남구 봉선동,삼익1,84.96,202307,19,2023-07-19,10,33,39,3.5,2915511500,0,40700
광주광역시 남구 봉선동,쌍용스윗닷홈,155.6351,202307,1,2023-07-01,13,18,39,3.5,2915511500,0,145000
광주광역시 남구 봉선동,쌍용스윗닷홈,120.5379,202307,5,2023-07-05,1,18,39,3.5,2915511500,0,120000
광주광역시 남구 봉선동,쌍용스윗닷홈,155.6351,202307,8,2023-07-08,1,18,39,3.5,2915511500,0,145000
광주광역시 남구 봉선동,쌍용스윗닷홈,120.5379,202307,8,2023-07-08,7,18,39,3.5,2915511500,0,133000
광주광역시 남구 봉선동,주월동이지더원3단지,84.9381,202307,1,2023-07-01,4,11,39,3.5,2915511500,0,39000
광주광역시 남구 봉선동,주월동이지더원3단지,84.9381,202307,5,2023-07-05,9,11,39,3.5,2915511500,0,43000
광주광역시 남구 봉선동,주월동이지더원3단지,84.9381,202307,24,2023-07-24,6,11,39,3.5,2915511500,0,40000
광주광역시 남구 봉선동,포스코더샵,59.89,202307,1,2023-07-01,10,19,39,3.5,2915511500,0,38000
광주광역시 남구 봉선동,포스코더샵,59.89,202307,1,2023-07-01,5,19,39,3.5,2915511500,0,38800
광주광역시 남구 봉선동,포스코더샵,84.32,202307,3,2023-07-03,3,19,39,3.5,2915511500,0,68500
광주광역시 남구 봉선동,포스코더샵,59.89,202307,5,2023-07-05,3,19,39,3.5,2915511500,0,33000
광주광역시 남구 봉선동,포스코더샵,84.32,202307,6,2023-07-06,10,19,39,3.5,2915511500,0,80000
광주광역시 남구 봉선동,포스코더샵,59.89,202307,8,2023-07-08,12,19,39,3.5,2915511500,0,35250
광주광역시 남구 봉선동,포스코더샵,150.97,202307,9,2023-07-09,14,19,39,3.5,2915511500,0,151000
광주광역시 남구 봉선동,포스코더샵,59.89,202307,22,2023-07-22,4,19,39,3.5,2915511500,0,37500
광주광역시 남구 봉선동,한국아델리움1단지,155.8244,202307,11,2023-07-11,8,17,39,3.5,2915511500,0,155000
광주광역시 남구 봉선동,한국아델리움1단지,192.6903,202307,18,2023-07-18,8,17,39,3.5,2915511500,0,191000
광주광역시 남구 서동,서동영무예다음,84.9373,202307,10,2023-07-10,4,6,3,3.5,2915510300,0,34500
광주광역시 남구 서동,서동영무예다음,84.9373,202307,20,2023-07-20,15,6,3,3.5,2915510300,0,38500
광주광역시 남구 서동,서동영무예다음,84.9771,202307,24,2023-07-24,3,6,3,3.5,2915510300,0,33900
광주광역시 남구 송하동,금호타운,84.895,202307,4,2023-07-04,1,27,3,3.5,2915511200,0,19000
광주광역시 남구 송하동,금호타운,84.895,202307,6,2023-07-06,1,27,3,3.5,2915511200,0,18000
광주광역시 남구 송하동,삼익,59.97,202307,24,2023-07-24,11,26,3,3.5,2915511200,0,12700
광주광역시 남구 압촌동,에너지밸리풍경채퍼스트파크,84.9284,202307,10,2023-07-10,10,1,3,3.5,2915512100,0,34500
광주광역시 남구 압촌동,에너지밸리풍경채퍼스트파크,84.9651,202307,12,2023-07-12,12,1,3,3.5,2915512100,0,31000
광주광역시 남구 압촌동,에너지밸리풍경채퍼스트파크,84.9284,202307,24,2023-07-24,1,1,3,3.5,2915512100,0,34000
광주광역시 남구 월산동,덕림제일파크,79.74,202307,7,2023-07-07,3,33,3,3.5,2915510400,0,13600
광주광역시 남구 월산동,반도유보라더퍼스트,84.9527,202307,8,2023-07-08,7,1,3,3.5,2915510400,0,54750
광주광역시 남구 월산동,제일파크맨션,66.73,202307,28,2023-07-28,3,37,3,3.5,2915510400,0,9350
광주광역시 남구 임암동,효천1중흥에스-클래스에코시티,84.9772,202307,12,2023-07-12,13,4,13,3.5,2915511100,0,44000
광주광역시 남구 임암동,효천1중흥에스-클래스에코시티,84.9772,202307,25,2023-07-25,12,4,13,3.5,2915511100,0,50400
광주광역시 남구 임암동,효천1중흥에스-클래스에코파크,84.9772,202307,8,2023-07-08,3,4,13,3.5,2915511100,0,44000
광주광역시 남구 임암동,효천1중흥에스-클래스에코파크,84.9772,202307,10,2023-07-10,4,4,13,3.5,2915511100,0,43800
광주광역시 남구 임암동,효천1중흥에스-클래스에코파크,84.9772,202307,25,2023-07-25,2,4,13,3.5,2915511100,0,49500
광주광역시 남구 임암동,효천1중흥에스-클래스에코파크,84.9772,202307,28,2023-07-28,2,4,13,3.5,2915511100,0,45000
광주광역시 남구 임암동,효천시티프라디움,84.9963,202307,7,2023-07-07,12,4,13,3.5,2915511100,0,47800
광주광역시 남구 임암동,효천시티프라디움,84.9963,202307,9,2023-07-09,6,4,13,3.5,2915511100,0,47800
광주광역시 남구 임암동,효천시티프라디움,84.9947,202307,13,2023-07-13,7,4,13,3.5,2915511100,0,44000
광주광역시 남구 임암동,효천시티프라디움,84.9948,202307,17,2023-07-17,14,4,13,3.5,2915511100,0,47300
광주광역시 남구 임암동,효천시티프라디움,84.9984,202307,19,2023-07-19,5,4,13,3.5,2915511100,0,39300
광주광역시 남구 임암동,효천시티프라디움,84.9963,202307,21,2023-07-21,17,4,13,3.5,2915511100,0,50000
광주광역시 남구 임암동,효천시티프라디움,84.9948,202307,22,2023-07-22,5,4,13,3.5,2915511100,0,46000
광주광역시 남구 주월동,극동마이다스빌2차,43.5572,202307,28,2023-07-28,15,21,16,3.5,2915510600,0,11000
광주광역시 남구 주월동,남구주월골드클래스어반시티,84.9717,202307,3,2023-07-03,22,2,16,3.5,2915510600,0,50500
광주광역시 남구 주월동,남구주월골드클래스어반시티,84.9589,202307,4,2023-07-04,19,2,16,3.5,2915510600,0,45000
광주광역시 남구 주월동,라인가든1,59.4,202307,21,2023-07-21,11,38,16,3.5,2915510600,0,8500
광주광역시 남구 주월동,라인가든2,84.51,202307,11,2023-07-11,8,37,16,3.5,2915510600,0,13500
광주광역시 남구 주월동,명지,59.79,202307,7,2023-07-07,12,28,16,3.5,2915510600,0,11500
광주광역시 남구 주월동,무등파크1,84.63,202307,19,2023-07-19,8,32,16,3.5,2915510600,0,16000
광주광역시 남구 주월동,봉선로남해오네뜨,84.8298,202307,23,2023-07-23,3,5,16,3.5,2915510600,0,56500
광주광역시 남구 주월동,세왕그린파크,84.86,202307,21,2023-07-21,6,21,16,3.5,2915510600,0,15300
광주광역시 남구 주월동,신천그린,84.92,202307,3,2023-07-03,11,34,16,3.5,2915510600,0,16950
광주광역시 남구 주월동,양우내안애프레스티지,84.9222,202307,3,2023-07-03,13,2,16,3.5,2915510600,0,55500
광주광역시 남구 주월동,현대1,84.98,202307,3,2023-07-03,4,32,16,3.5,2915510600,0,15000
광주광역시 남구 주월동,현대2,59.4,202307,27,2023-07-27,1,28,16,3.5,2915510600,0,10000
광주광역시 남구 주월동,호반힐하임,84.9477,202307,5,2023-07-05,2,9,16,3.5,2915510600,0,43400
광주광역시 남구 주월동,호반힐하임,84.9477,202307,14,2023-07-14,7,9,16,3.5,2915510600,0,48000
광주광역시 남구 주월동,호반힐하임,84.9399,202307,22,2023-07-22,15,9,16,3.5,2915510600,0,49500
광주광역시 남구 지석동,한일베라체,84.783,202307,1,2023-07-01,9,15,2,3.5,2915512000,0,26800
광주광역시 남구 지석동,한일베라체,84.783,202307,10,2023-07-10,7,15,2,3.5,2915512000,0,27500
광주광역시 남구 진월동,고운하이플러스1차,84.8301,202307,11,2023-07-11,10,18,24,3.5,2915510800,0,33000
광주광역시 남구 진월동,금광하늘연가,130.8746,202307,15,2023-07-15,4,18,24,3.5,2915510800,0,59000
광주광역시 남구 진월동,금광하늘연가,130.8746,202307,24,2023-07-24,11,18,24,3.5,2915510800,0,60000
광주광역시 남구 진월동,대덕훼밀리,59.46,202307,1,2023-07-01,9,27,24,3.5,2915510800,0,11900
광주광역시 남구 진월동,대주1,84.41,202307,20,2023-07-20,1,33,24,3.5,2915510800,0,24700
광주광역시 남구 진월동,새한,84.46,202307,3,2023-07-03,1,25,24,3.5,2915510800,0,32000
광주광역시 남구 진월동,새한,84.46,202307,24,2023-07-24,10,25,24,3.5,2915510800,0,33000
광주광역시 남구 진월동,신흥타운3,49.95,202307,23,2023-07-23,9,36,24,3.5,2915510800,0,10250
광주광역시 남구 진월동,아남,84.9,202307,14,2023-07-14,13,26,24,3.5,2915510800,0,25500
광주광역시 남구 진월동,아남,84.9,202307,15,2023-07-15,10,26,24,3.5,2915510800,0,25800
광주광역시 남구 진월동,중흥,84.93,202307,6,2023-07-06,4,31,24,3.5,2915510800,0,17000
광주광역시 남구 진월동,중흥,84.93,202307,7,2023-07-07,20,31,24,3.5,2915510800,0,14000
광주광역시 남구 진월동,중흥,73.46,202307,8,2023-07-08,12,31,24,3.5,2915510800,0,14000
광주광역시 남구 진월동,중흥,84.93,202307,13,2023-07-13,2,31,24,3.5,2915510800,0,16300
광주광역시 남구 진월동,중흥,84.84,202307,21,2023-07-21,1,31,24,3.5,2915510800,0,14800
광주광역시 남구 진월동,진아하이빌2차,84.3979,202307,21,2023-07-21,8,19,24,3.5,2915510800,0,31000
광주광역시 남구 진월동,진월3차삼익세라믹아파트,59.4,202307,21,2023-07-21,13,23,24,3.5,2915510800,0,13700
광주광역시 남구 진월동,한국아델리움2차,84.1058,202307,22,2023-07-22,17,12,24,3.5,2915510800,0,53000
광주광역시 남구 진월동,한신1,84.87,202307,22,2023-07-22,3,27,24,3.5,2915510800,0,24500
광주광역시 남구 진월동,협진훼밀리,84.99,202307,26,2023-07-26,7,33,24,3.5,2915510800,0,18500
광주광역시 남구 진월동,호반,32.16,202307,4,2023-07-04,8,24,24,3.5,2915510800,0,5900
광주광역시 남구 진월동,호반,32.16,202307,5,2023-07-05,3,24,24,3.5,2915510800,0,4830
광주광역시 남구 진월동,호반,32.16,202307,20,2023-07-20,1,24,24,3.5,2915510800,0,5400
광주광역시 남구 진월동,호반,32.16,202307,20,2023-07-20,13,24,24,3.5,2915510800,0,5800
광주광역시 남구 행암동,제일풍경채에듀파크1단지,84.3565,202307,2,2023-07-02,6,8,10,3.5,2915511000,0,39350
광주광역시 남구 행암동,제일풍경채에듀파크2단지,84.9184,202307,1,2023-07-01,5,8,10,3.5,2915511000,0,42500
광주광역시 남구 행암동,효천2지구중흥S-클래스,84.9933,202307,1,2023-07-01,16,8,10,3.5,2915511000,0,41500
광주광역시 남구 행암동,효천2지구중흥S-클래스,113.1205,202307,9,2023-07-09,14,8,10,3.5,2915511000,0,60000
광주광역시 남구 행암동,효천2지구중흥S-클래스,84.9933,202307,14,2023-07-14,3,8,10,3.5,2915511000,0,36200
광주광역시 남구 행암동,효천2지구중흥S-클래스,84.9933,202307,28,2023-07-28,6,8,10,3.5,2915511000,0,40700
광주광역시 남구 행암동,효천남해오네뜨1단지,74.97,202307,19,2023-07-19,2,9,10,3.5,2915511000,0,28000
광주광역시 남구 행암동,효천남해오네뜨2단지,74.97,202307,27,2023-07-27,9,9,10,3.5,2915511000,0,29750
광주광역시 남구 행암동,효천엘에이치천년나무6단지아파트,59.67,202307,15,2023-07-15,16,7,10,3.5,2915511000,0,25000
광주광역시 남구 행암동,효천엘에이치천년나무6단지아파트,59.89,202307,21,2023-07-21,2,7,10,3.5,2915511000,0,22600
광주광역시 동구 계림동,계림동금호2,59.703,202307,12,2023-07-12,16,25,26,3.5,2911010900,0,18400
광주광역시 동구 계림동,계림동금호2,59.703,202307,12,2023-07-12,16,25,26,3.5,2911010900,0,18400
광주광역시 동구 계림동,계림아이파크에스케이뷰,72.6919,202307,3,2023-07-03,24,1,26,3.5,2911010900,0,59000
광주광역시 동구 계림동,계림아이파크에스케이뷰,72.6919,202307,11,2023-07-11,22,1,26,3.5,2911010900,0,57000
광주광역시 동구 계림동,그랜드센트럴,59.9055,202307,1,2023-07-01,19,3,26,3.5,2911010900,0,37400
광주광역시 동구 계림동,그랜드센트럴,84.949,202307,1,2023-07-01,15,3,26,3.5,2911010900,0,52700
광주광역시 동구 계림동,그랜드센트럴,59.9048,202307,1,2023-07-01,27,3,26,3.5,2911010900,0,40400
광주광역시 동구 계림동,그랜드센트럴,119.936,202307,3,2023-07-03,7,3,26,3.5,2911010900,0,80000
광주광역시 동구 계림동,그랜드센트럴,84.949,202307,7,2023-07-07,11,3,26,3.5,2911010900,0,55000
광주광역시 동구 계림동,그랜드센트럴,84.9647,202307,16,2023-07-16,28,3,26,3.5,2911010900,0,56500
광주광역시 동구 계림동,그랜드센트럴,59.9048,202307,17,2023-07-17,15,3,26,3.5,2911010900,0,41000
광주광역시 동구 계림동,그랜드센트럴,84.9647,202307,21,2023-07-21,16,3,26,3.5,2911010900,0,50000
광주광역시 동구 계림동,그랜드센트럴,39.8652,202307,26,2023-07-26,18,3,26,3.5,2911010900,0,28500
광주광역시 동구 계림동,그랜드센트럴,39.8652,202307,27,2023-07-27,17,3,26,3.5,2911010900,0,28500
광주광역시 동구 계림동,그랜드센트럴,59.9055,202307,29,2023-07-29,30,3,26,3.5,2911010900,0,40000
광주광역시 동구 계림동,대명,77.73,202307,11,2023-07-11,2,40,26,3.5,2911010900,0,13600
광주광역시 동구 계림동,두산위브,84.8686,202307,1,2023-07-01,9,16,26,3.5,2911010900,0,34500
광주광역시 동구 계림동,두산위브2차,59.8997,202307,6,2023-07-06,4,5,26,3.5,2911010900,0,34000
광주광역시 동구 계림동,두산위브2차,39.862,202307,24,2023-07-24,7,5,26,3.5,2911010900,0,17300
광주광역시 동구 계림동,두산위브2차,39.862,202307,27,2023-07-27,13,5,26,3.5,2911010900,0,17750
광주광역시 동구 계림동,두산위브2차,84.5628,202307,28,2023-07-28,2,5,26,3.5,2911010900,0,43000
광주광역시 동구 계림동,두산위브2차,59.8997,202307,31,2023-07-31,4,5,26,3.5,2911010900,0,34500
광주광역시 동구 계림동,두산위브3차(두산위브더파크),84.9964,202307,12,2023-07-12,15,3,26,3.5,2911010900,0,54000
광주광역시 동구 계림동,두산위브3차(두산위브더파크),59.9903,202307,28,2023-07-28,16,3,26,3.5,2911010900,0,38300
광주광역시 동구 계림동,두산위브3차(두산위브더파크),39.9452,202307,29,2023-07-29,18,3,26,3.5,2911010900,0,22200
광주광역시 동구 계림동,아름진,49.931,202307,12,2023-07-12,7,7,26,3.5,2911010900,0,15200
광주광역시 동구 산수동,동진맨션,77.76,202307,12,2023-07-12,4,39,7,3.5,2911011000,0,25000
광주광역시 동구 산수동,두암그린파크,84.99,202307,22,2023-07-22,3,28,7,3.5,2911011000,0,17500
광주광역시 동구 산수동,무등산광신프로그레스,84.9817,202307,8,2023-07-08,16,5,7,3.5,2911011000,0,34500
광주광역시 동구 산수동,무등산그린웰로제비앙,64.5262,202307,10,2023-07-10,17,4,7,3.5,2911011000,0,36800
광주광역시 동구 산수동,무등산그린웰로제비앙,84.9676,202307,13,2023-07-13,14,4,7,3.5,2911011000,0,49500
광주광역시 동구 산수동,무등산그린웰로제비앙,84.9676,202307,13,2023-07-13,14,4,7,3.5,2911011000,0,49500
광주광역시 동구 산수동,무등산그린웰로제비앙,84.9377,202307,28,2023-07-28,15,4,7,3.5,2911011000,0,44500
광주광역시 동구 소태동,모아미래도,84.64,202307,7,2023-07-07,2,20,9,3.5,2911011900,1,24000
광주광역시 동구 소태동,무등산골드클래스,73.8853,202307,6,2023-07-06,21,5,9,3.5,2911011900,1,42200
광주광역시 동구 소태동,무등산골드클래스,84.9603,202307,11,2023-07-11,17,5,9,3.5,2911011900,1,55000
광주광역시 동구 소태동,무등산골드클래스,84.9603,202307,18,2023-07-18,21,5,9,3.5,2911011900,1,51500
광주광역시 동구 소태동,무등산골드클래스,59.9834,202307,25,2023-07-25,10,5,9,3.5,2911011900,1,34900
광주광역시 동구 소태동,온세계아이조움,84.9453,202307,18,2023-07-18,3,17,9,3.5,2911011900,1,25000
광주광역시 동구 소태동,온세계아이조움,84.9453,202307,22,2023-07-22,15,17,9,3.5,2911011900,1,33800
광주광역시 동구 소태동,진아하이빌,83.3199,202307,20,2023-07-20,11,20,9,3.5,2911011900,1,26500
광주광역시 동구 소태동,진아하이빌,59.9611,202307,31,2023-07-31,3,20,9,3.5,2911011900,1,19000
광주광역시 동구 용산동,광주용산지구2BL계룡리슈빌더포레스트아파트,91.9232,202307,5,2023-07-05,1,4,18,3.5,2911012600,1,53000
광주광역시 동구 용산동,광주용산지구2BL계룡리슈빌더포레스트아파트,106.6583,202307,7,2023-07-07,10,4,18,3.5,2911012600,1,70300
광주광역시 동구 용산동,광주용산지구2BL계룡리슈빌더포레스트아파트,84.9265,202307,7,2023-07-07,1,4,18,3.5,2911012600,1,48000
광주광역시 동구 용산동,광주용산지구2BL계룡리슈빌더포레스트아파트,106.6583,202307,8,2023-07-08,4,4,18,3.5,2911012600,1,70000
광주광역시 동구 용산동,광주용산지구2BL계룡리슈빌더포레스트아파트,84.9512,202307,10,2023-07-10,3,4,18,3.5,2911012600,1,47000
광주광역시 동구 용산동,광주용산지구2BL계룡리슈빌더포레스트아파트,84.9512,202307,14,2023-07-14,3,4,18,3.5,2911012600,1,47500
광주광역시 동구 용산동,광주용산지구2BL계룡리슈빌더포레스트아파트,84.9265,202307,15,2023-07-15,15,4,18,3.5,2911012600,1,49500
광주광역시 동구 용산동,광주용산지구2BL계룡리슈빌더포레스트아파트,84.9717,202307,15,2023-07-15,4,4,18,3.5,2911012600,1,46500
광주광역시 동구 용산동,광주용산지구2BL계룡리슈빌더포레스트아파트,106.6583,202307,16,2023-07-16,7,4,18,3.5,2911012600,1,67500
광주광역시 동구 용산동,광주용산지구2BL계룡리슈빌더포레스트아파트,84.9717,202307,16,2023-07-16,15,4,18,3.5,2911012600,1,51400
광주광역시 동구 용산동,광주용산지구2BL계룡리슈빌더포레스트아파트,84.9717,202307,18,2023-07-18,12,4,18,3.5,2911012600,1,50500
광주광역시 동구 용산동,광주용산지구2BL계룡리슈빌더포레스트아파트,84.9717,202307,19,2023-07-19,19,4,18,3.5,2911012600,1,50400
광주광역시 동구 용산동,광주용산지구2BL계룡리슈빌더포레스트아파트,106.6583,202307,22,2023-07-22,6,4,18,3.5,2911012600,1,67500
광주광역시 동구 용산동,광주용산지구2BL계룡리슈빌더포레스트아파트,76.5319,202307,31,2023-07-31,5,4,18,3.5,2911012600,1,39200
광주광역시 동구 용산동,무등산골드클래스2차,59.5439,202307,1,2023-07-01,15,1,18,3.5,2911012600,1,40500
광주광역시 동구 용산동,용산지구모아엘가에듀파크,84.9024,202307,2,2023-07-02,3,4,18,3.5,2911012600,1,45300
광주광역시 동구 용산동,용산지구모아엘가에듀파크,84.9272,202307,15,2023-07-15,15,4,18,3.5,2911012600,1,51000
광주광역시 동구 용산동,용산지구모아엘가에듀파크,84.9024,202307,29,2023-07-29,11,4,18,3.5,2911012600,1,48000
광주광역시 동구 운림동,라인광명,84.87,202307,5,2023-07-05,7,26,3,3.5,2911012100,0,21000
광주광역시 동구 운림동,라인광명,84.87,202307,14,2023-07-14,10,26,3,3.5,2911012100,0,21000
광주광역시 동구 운림동,무등파크맨션1차,119.83,202307,1,2023-07-01,1,33,3,3.5,2911012100,0,18500
광주광역시 동구 월남동,월남호반베르디움2차,59.9816,202307,30,2023-07-30,14,7,2,3.5,2911012300,0,24500
광주광역시 동구 월남동,월남호반베르디움2차,78.2705,202307,31,2023-07-31,8,7,2,3.5,2911012300,0,30500
광주광역시 동구 학동,금호베스트빌,126.274,202307,6,2023-07-06,13,21,20,3.5,2911012200,2,40500
광주광역시 동구 학동,금호베스트빌,126.274,202307,6,2023-07-06,13,21,20,3.5,2911012200,2,40500
광주광역시 동구 학동,무등산아이파크,84.8412,202307,1,2023-07-01,10,6,20,3.5,2911012200,2,58500
광주광역시 동구 학동,무등산아이파크,84.7496,202307,4,2023-07-04,7,6,20,3.5,2911012200,2,59600
광주광역시 동구 학동,무등산아이파크,84.8412,202307,5,2023-07-05,24,6,20,3.5,2911012200,2,60000
광주광역시 동구 학동,무등산아이파크,84.8412,202307,13,2023-07-13,16,6,20,3.5,2911012200,2,61000
광주광역시 동구 학동,무등산아이파크,84.7496,202307,15,2023-07-15,2,6,20,3.5,2911012200,2,57500
광주광역시 동구 학동,무등산아이파크,101.8442,202307,22,2023-07-22,16,6,20,3.5,2911012200,2,84800
광주광역시 동구 학동,무등산아이파크,84.8412,202307,23,2023-07-23,25,6,20,3.5,2911012200,2,63000
광주광역시 동구 학동,무등산아이파크,74.9979,202307,23,2023-07-23,17,6,20,3.5,2911012200,2,52500
광주광역시 동구 학동,무등산아이파크,74.9979,202307,23,2023-07-23,17,6,20,3.5,2911012200,2,52500
광주광역시 동구 학동,무등산아이파크,84.8412,202307,27,2023-07-27,32,6,20,3.5,2911012200,2,62000
광주광역시 동구 학동,학1마을,84.8,202307,17,2023-07-17,11,16,20,3.5,2911012200,2,29750
광주광역시 동구 학동,학1마을,59.7,202307,19,2023-07-19,14,16,20,3.5,2911012200,2,24500
광주광역시 동구 학동,학1마을,59.97,202307,31,2023-07-31,4,16,20,3.5,2911012200,2,22000
광주광역시 동구 학동,학2마을아파트,84.96,202307,13,2023-07-13,11,12,20,3.5,2911012200,2,33000
광주광역시 동구 학동,학2마을아파트,84.96,202307,14,2023-07-14,7,12,20,3.5,2911012200,2,33500
광주광역시 동구 학동,학2마을아파트,84.8,202307,15,2023-07-15,17,12,20,3.5,2911012200,2,35800
광주광역시 동구 학동,학2마을아파트,84.78,202307,15,2023-07-15,2,12,20,3.5,2911012200,2,37000
광주광역시 동구 학동,학동남해오네뜨,84.9933,202307,1,2023-07-01,7,9,20,3.5,2911012200,2,32200
광주광역시 북구 각화동,각화골드클래스,84.9701,202307,1,2023-07-01,6,6,25,3.5,2917011300,0,36800
광주광역시 북구 각화동,각화골드클래스,84.968,202307,2,2023-07-02,13,6,25,3.5,2917011300,0,35000
광주광역시 북구 각화동,각화골드클래스,59.9889,202307,6,2023-07-06,1,6,25,3.5,2917011300,0,27500
광주광역시 북구 각화동,각화골드클래스,59.9889,202307,22,2023-07-22,13,6,25,3.5,2917011300,0,26000
광주광역시 북구 각화동,각화골드클래스,84.9701,202307,24,2023-07-24,25,6,25,3.5,2917011300,0,38500
광주광역시 북구 각화동,각화골드클래스,84.9701,202307,24,2023-07-24,17,6,25,3.5,2917011300,0,37400
광주광역시 북구 각화동,각화골드클래스,84.9701,202307,29,2023-07-29,16,6,25,3.5,2917011300,0,38000
광주광역시 북구 각화동,각화센트럴파크3차,59.9987,202307,28,2023-07-28,3,0,25,3.5,2917011300,0,26090
광주광역시 북구 각화동,각화센트럴파크서희스타힐스,72.9796,202307,3,2023-07-03,4,3,25,3.5,2917011300,0,35000
광주광역시 북구 각화동,각화센트럴파크서희스타힐스,84.9796,202307,4,2023-07-04,12,3,25,3.5,2917011300,0,40200
광주광역시 북구 각화동,각화센트럴파크서희스타힐스,84.9796,202307,8,2023-07-08,17,3,25,3.5,2917011300,0,38500
광주광역시 북구 각화동,각화센트럴파크서희스타힐스,72.9796,202307,18,2023-07-18,24,3,25,3.5,2917011300,0,35500
광주광역시 북구 각화동,각화센트럴파크서희스타힐스,84.9796,202307,20,2023-07-20,18,3,25,3.5,2917011300,0,38700
광주광역시 북구 각화동,각화센트럴파크서희스타힐스,84.9796,202307,28,2023-07-28,27,3,25,3.5,2917011300,0,42800
광주광역시 북구 각화동,무등파크1,59.85,202307,13,2023-07-13,3,35,25,3.5,2917011300,0,8000
광주광역시 북구 각화동,무등파크1,59.85,202307,21,2023-07-21,3,35,25,3.5,2917011300,0,8400
광주광역시 북구 각화동,무등파크1,59.85,202307,25,2023-07-25,6,35,25,3.5,2917011300,0,11000
광주광역시 북구 각화동,휴먼파크서희스타힐스,76.7843,202307,15,2023-07-15,8,6,25,3.5,2917011300,0,34500
광주광역시 북구 각화동,휴먼파크서희스타힐스,76.7843,202307,16,2023-07-16,5,6,25,3.5,2917011300,0,36000
광주광역시 북구 각화동,힐스테이트각화,84.9442,202307,7,2023-07-07,26,5,25,3.5,2917011300,0,45000
광주광역시 북구 각화동,힐스테이트각화,79.9219,202307,14,2023-07-14,8,5,25,3.5,2917011300,0,41000
광주광역시 북구 각화동,힐스테이트각화,59.9891,202307,18,2023-07-18,22,5,25,3.5,2917011300,0,32000
광주광역시 북구 각화동,힐스테이트각화,59.9809,202307,25,2023-07-25,25,5,25,3.5,2917011300,0,33500
광주광역시 북구 각화동,힐스테이트각화,79.9219,202307,29,2023-07-29,19,5,25,3.5,2917011300,0,40300
광주광역시 북구 각화동,힐스테이트각화,84.9442,202307,31,2023-07-31,13,5,25,3.5,2917011300,0,45500
광주광역시 북구 동림동,동림대광로제비앙,74.7877,202307,4,2023-07-04,6,3,22,3.5,2917010800,0,36500
광주광역시 북구 동림동,동림대광로제비앙,74.7877,202307,13,2023-07-13,8,3,22,3.5,2917010800,0,37300
광주광역시 북구 동림동,동림대광로제비앙,84.9779,202307,13,2023-07-13,14,3,22,3.5,2917010800,0,44000
광주광역시 북구 동림동,동림푸른주공,59.99,202307,28,2023-07-28,9,25,22,3.5,2917010800,0,11500
광주광역시 북구 동림동,동림푸른주공3,59.99,202307,1,2023-07-01,3,26,22,3.5,2917010800,0,12000
광주광역시 북구 동림동,동림푸른주공3,59.94,202307,11,2023-07-11,6,26,22,3.5,2917010800,0,13500
광주광역시 북구 동림동,동림푸른주공3,59.99,202307,18,2023-07-18,10,26,22,3.5,2917010800,0,16300
광주광역시 북구 동림동,동림푸른주공3,59.99,202307,22,2023-07-22,10,26,22,3.5,2917010800,0,15450
광주광역시 북구 동림동,동림푸른주공3,59.99,202307,26,2023-07-26,14,26,22,3.5,2917010800,0,14900
광주광역시 북구 동림동,동림푸른주공4,84.79,202307,15,2023-07-15,20,25,22,3.5,2917010800,0,24600
광주광역시 북구 동림동,동림푸른주공4,65.68,202307,15,2023-07-15,18,25,22,3.5,2917010800,0,17000
광주광역시 북구 동림동,삼익,84.87,202307,6,2023-07-06,5,27,22,3.5,2917010800,0,20600
광주광역시 북구 동림동,삼익,84.87,202307,20,2023-07-20,10,27,22,3.5,2917010800,0,15500
광주광역시 북구 동림동,삼익,59.97,202307,22,2023-07-22,9,27,22,3.5,2917010800,0,11055
광주광역시 북구 동림동,삼호가든,124.92,202307,25,2023-07-25,11,18,22,3.5,2917010800,0,27200
광주광역시 북구 동림동,우미2,59.79,202307,15,2023-07-15,20,32,22,3.5,2917010800,0,8000
광주광역시 북구 동림동,우미2,59.77,202307,26,2023-07-26,14,32,22,3.5,2917010800,0,8450
광주광역시 북구 동림동,우미2,59.79,202307,29,2023-07-29,19,32,22,3.5,2917010800,0,10000
광주광역시 북구 동림동,운암산코오롱하늘채,84.6815,202307,6,2023-07-06,23,5,22,3.5,2917010800,0,42000
광주광역시 북구 동림동,운암산코오롱하늘채,84.6815,202307,9,2023-07-09,1,5,22,3.5,2917010800,0,38000
광주광역시 북구 동림동,운암산코오롱하늘채,64.2602,202307,17,2023-07-17,11,5,22,3.5,2917010800,0,35000
광주광역시 북구 동림동,운암산코오롱하늘채,84.6815,202307,31,2023-07-31,19,5,22,3.5,2917010800,0,45400
광주광역시 북구 두암동,광신(11동),83.88,202307,7,2023-07-07,4,39,28,3.5,2917011400,0,11000
광주광역시 북구 두암동,광신(11동),83.88,202307,19,2023-07-19,13,39,28,3.5,2917011400,0,11100
광주광역시 북구 두암동,"광신(8,9,10동)",65.34,202307,28,2023-07-28,5,40,28,3.5,2917011400,0,10000
광주광역시 북구 두암동,광일맨션,72.51,202307,26,2023-07-26,2,40,28,3.5,2917011400,0,8500
광주광역시 북구 두암동,두암현대,146.88,202307,20,2023-07-20,13,25,28,3.5,2917011400,0,35000
광주광역시 북구 두암동,두암현대,84.97,202307,21,2023-07-21,4,25,28,3.5,2917011400,0,21500
광주광역시 북구 두암동,모아미래도,84.9822,202307,18,2023-07-18,7,20,28,3.5,2917011400,0,22800
광주광역시 북구 두암동,무등파크2,59.97,202307,6,2023-07-06,9,29,28,3.5,2917011400,0,10000
광주광역시 북구 두암동,무등파크맨션,84.9,202307,13,2023-07-13,11,31,28,3.5,2917011400,0,15500
광주광역시 북구 두암동,무등파크맨션,84.85,202307,14,2023-07-14,20,31,28,3.5,2917011400,0,17000
광주광역시 북구 두암동,무등파크맨션,84.85,202307,14,2023-07-14,7,31,28,3.5,2917011400,0,15400
광주광역시 북구 두암동,미라보4,59.925,202307,15,2023-07-15,8,29,28,3.5,2917011400,0,10900
광주광역시 북구 두암동,반석힐라아파트,31.77,202307,24,2023-07-24,8,23,28,3.5,2917011400,0,4000
광주광역시 북구 두암동,부영,60,202307,18,2023-07-18,9,35,28,3.5,2917011400,0,12000
광주광역시 북구 두암동,양서맨션,76.69,202307,8,2023-07-08,1,44,28,3.5,2917011400,0,13200
광주광역시 북구 두암동,율곡타운(주공1),41.85,202307,7,2023-07-07,6,30,28,3.5,2917011400,0,8700
광주광역시 북구 두암동,율곡타운(주공1),41.85,202307,15,2023-07-15,14,30,28,3.5,2917011400,0,10300
광주광역시 북구 두암동,율곡타운(주공1),41.85,202307,17,2023-07-17,15,30,28,3.5,2917011400,0,6400
광주광역시 북구 두암동,율곡타운(주공1),49.77,202307,26,2023-07-26,12,30,28,3.5,2917011400,0,11750
광주광역시 북구 두암동,주공3,41.85,202307,5,2023-07-05,7,29,28,3.5,2917011400,0,7000
광주광역시 북구 두암동,주공3,41.85,202307,9,2023-07-09,14,29,28,3.5,2917011400,0,7000
광주광역시 북구 두암동,주공3,49.77,202307,11,2023-07-11,6,29,28,3.5,2917011400,0,9300
광주광역시 북구 두암동,주공3,41.85,202307,21,2023-07-21,2,29,28,3.5,2917011400,0,6400
광주광역시 북구 두암동,주공3,41.85,202307,24,2023-07-24,6,29,28,3.5,2917011400,0,6500
광주광역시 북구 두암동,주공3,41.85,202307,25,2023-07-25,2,29,28,3.5,2917011400,0,7700
광주광역시 북구 두암동,중흥에스-클래스,150.0024,202307,15,2023-07-15,20,17,28,3.5,2917011400,0,49000
광주광역시 북구 두암동,현대2,99.957,202307,14,2023-07-14,19,23,28,3.5,2917011400,0,34000
광주광역시 북구 두암동,현대2,99.957,202307,20,2023-07-20,13,23,28,3.5,2917011400,0,34000
광주광역시 북구 매곡동,AM-City,30.2693,202307,5,2023-07-05,8,10,8,3.5,2917011700,0,6000
광주광역시 북구 매곡동,공간빌리지,59.94,202307,25,2023-07-25,6,32,8,3.5,2917011700,0,8800
광주광역시 북구 매곡동,대성베르힐,84.8488,202307,13,2023-07-13,1,18,8,3.5,2917011700,0,28000
광주광역시 북구 매곡동,동남맨션,84.99,202307,9,2023-07-09,10,33,8,3.5,2917011700,0,13800
광주광역시 북구 매곡동,매곡대광로제비앙,80.3123,202307,14,2023-07-14,6,6,8,3.5,2917011700,0,31000
광주광역시 북구 매곡동,삼익,84.87,202307,17,2023-07-17,7,31,8,3.5,2917011700,0,16200
광주광역시 북구 매곡동,삼익,84.87,202307,21,2023-07-21,1,31,8,3.5,2917011700,0,16000
광주광역시 북구 매곡동,호반2,59.95,202307,31,2023-07-31,20,28,8,3.5,2917011700,0,11000
광주광역시 북구 문흥동,공간,59.97,202307,3,2023-07-03,4,29,26,3.5,2917011200,0,16000
광주광역시 북구 문흥동,공간,59.97,202307,13,2023-07-13,12,29,26,3.5,2917011200,0,13900
광주광역시 북구 문흥동,금호,84.84,202307,3,2023-07-03,6,28,26,3.5,2917011200,0,23000
광주광역시 북구 문흥동,금호,84.84,202307,10,2023-07-10,1,28,26,3.5,2917011200,0,22500
광주광역시 북구 문흥동,대주1,30.33,202307,3,2023-07-03,13,35,26,3.5,2917011200,0,4100
광주광역시 북구 문흥동,대주1,30.33,202307,3,2023-07-03,13,35,26,3.5,2917011200,0,4100
광주광역시 북구 문흥동,대주2,59.91,202307,10,2023-07-10,2,35,26,3.5,2917011200,0,10000
광주광역시 북구 문흥동,대주2,49.98,202307,17,2023-07-17,14,35,26,3.5,2917011200,0,7600
광주광역시 북구 문흥동,대주2,59.91,202307,19,2023-07-19,8,35,26,3.5,2917011200,0,9500
광주광역시 북구 문흥동,대주2,59.91,202307,28,2023-07-28,2,35,26,3.5,2917011200,0,9500
광주광역시 북구 문흥동,라인,59.965,202307,13,2023-07-13,1,29,26,3.5,2917011200,0,12000
광주광역시 북구 문흥동,라인,59.97,202307,22,2023-07-22,11,29,26,3.5,2917011200,0,14500
광주광역시 북구 문흥동,라인동산,84.86,202307,1,2023-07-01,10,29,26,3.5,2917011200,0,26500
광주광역시 북구 문흥동,라인동산,84.86,202307,1,2023-07-01,10,29,26,3.5,2917011200,0,26500
광주광역시 북구 문흥동,라인동산,84.86,202307,11,2023-07-11,3,29,26,3.5,2917011200,0,23700
광주광역시 북구 문흥동,우미2,84.87,202307,27,2023-07-27,3,29,26,3.5,2917011200,0,17000
광주광역시 북구 문흥동,우성,96.64,202307,30,2023-07-30,8,33,26,3.5,2917011200,0,17000
광주광역시 북구 문흥동,주공,59.39,202307,12,2023-07-12,7,33,26,3.5,2917011200,0,13500
광주광역시 북구 문흥동,주공,45.77,202307,17,2023-07-17,15,33,26,3.5,2917011200,0,9000
광주광역시 북구 문흥동,중흥파크맨션1,84.99,202307,3,2023-07-03,4,29,26,3.5,2917011200,0,17300
광주광역시 북구 문흥동,중흥파크맨션1,84.99,202307,7,2023-07-07,4,29,26,3.5,2917011200,0,18000
광주광역시 북구 문흥동,중흥파크맨션1,84.99,202307,10,2023-07-10,10,29,26,3.5,2917011200,0,17500
광주광역시 북구 문흥동,중흥파크맨션1,84.99,202307,24,2023-07-24,8,29,26,3.5,2917011200,0,18500
광주광역시 북구 문흥동,중흥파크맨션2,59.965,202307,24,2023-07-24,3,29,26,3.5,2917011200,0,11900
광주광역시 북구 문흥동,중흥파크맨션3,59.97,202307,3,2023-07-03,7,29,26,3.5,2917011200,0,15700
광주광역시 북구 문흥동,해광,84.96,202307,27,2023-07-27,6,29,26,3.5,2917011200,0,19500
광주광역시 북구 본촌동,부영사랑으로,84.9931,202307,1,2023-07-01,22,16,15,3.5,2917012600,0,33300
광주광역시 북구 본촌동,부영사랑으로,84.9931,202307,19,2023-07-19,10,16,15,3.5,2917012600,0,28000
광주광역시 북구 본촌동,부영사랑으로,84.9931,202307,20,2023-07-20,2,16,15,3.5,2917012600,0,26500
광주광역시 북구 본촌동,양산지구현진에버빌,84.98,202307,14,2023-07-14,5,17,15,3.5,2917012600,0,38800
광주광역시 북구 본촌동,힐스테이트본촌,84.9976,202307,1,2023-07-01,4,4,15,3.5,2917012600,0,47200
광주광역시 북구 본촌동,힐스테이트본촌,84.9976,202307,1,2023-07-01,5,4,15,3.5,2917012600,0,48500
광주광역시 북구 본촌동,힐스테이트본촌,84.9976,202307,3,2023-07-03,6,4,15,3.5,2917012600,0,48300
광주광역시 북구 본촌동,힐스테이트본촌,84.9976,202307,5,2023-07-05,16,4,15,3.5,2917012600,0,47500
광주광역시 북구 본촌동,힐스테이트본촌,68.0045,202307,15,2023-07-15,12,4,15,3.5,2917012600,0,36500
광주광역시 북구 본촌동,힐스테이트본촌,84.9976,202307,21,2023-07-21,10,4,15,3.5,2917012600,0,48500
광주광역시 북구 본촌동,힐스테이트본촌,84.9976,202307,22,2023-07-22,6,4,15,3.5,2917012600,0,45000
광주광역시 북구 본촌동,힐스테이트본촌,84.9976,202307,26,2023-07-26,2,4,15,3.5,2917012600,0,46000
광주광역시 북구 본촌동,힐스테이트본촌,64.8467,202307,27,2023-07-27,18,4,15,3.5,2917012600,0,38000
광주광역시 북구 본촌동,힐스테이트본촌,64.8467,202307,28,2023-07-28,23,4,15,3.5,2917012600,0,38000
광주광역시 북구 본촌동,힐스테이트본촌,84.9976,202307,30,2023-07-30,18,4,15,3.5,2917012600,0,48700
광주광역시 북구 북동,정한파인시티,47.3,202307,6,2023-07-06,13,6,4,3.5,2917010400,0,25000
광주광역시 북구 북동,정한파인시티,47.3,202307,15,2023-07-15,8,6,4,3.5,2917010400,0,26000
광주광역시 북구 북동,정한파인시티,47.3,202307,15,2023-07-15,10,6,4,3.5,2917010400,0,26000
광주광역시 북구 북동,정한파인시티,47.3,202307,25,2023-07-25,14,6,4,3.5,2917010400,0,24000
광주광역시 북구 삼각동,드림네스트삼각1차,84.4375,202307,6,2023-07-06,4,5,15,3.5,2917011600,0,22000
광주광역시 북구 삼각동,모아호반,59.79,202307,13,2023-07-13,5,28,15,3.5,2917011600,0,12500
광주광역시 북구 삼각동,삼각동그린타운,59.82,202307,4,2023-07-04,16,26,15,3.5,2917011600,0,12500
광주광역시 북구 삼각동,삼각동그린타운,69.91,202307,8,2023-07-08,19,26,15,3.5,2917011600,0,18500
광주광역시 북구 삼각동,삼각동그린타운,59.82,202307,22,2023-07-22,7,26,15,3.5,2917011600,0,13800
광주광역시 북구 삼각동,삼각동서라,59.965,202307,10,2023-07-10,12,28,15,3.5,2917011600,0,11000
광주광역시 북구 삼각동,삼각동서라,59.965,202307,17,2023-07-17,6,28,15,3.5,2917011600,0,10500
광주광역시 북구 삼각동,삼각동서라,59.965,202307,18,2023-07-18,13,28,15,3.5,2917011600,0,12800
광주광역시 북구 삼각동,삼각동서라,59.965,202307,25,2023-07-25,11,28,15,3.5,2917011600,0,13400
광주광역시 북구 삼각동,삼각동서라,59.965,202307,26,2023-07-26,19,28,15,3.5,2917011600,0,14300
광주광역시 북구 삼각동,삼익,84.87,202307,13,2023-07-13,4,33,15,3.5,2917011600,0,15800
광주광역시 북구 삼각동,신일곡골드클래스,84.8489,202307,8,2023-07-08,12,5,15,3.5,2917011600,0,52000
광주광역시 북구 삼각동,우미,59.66,202307,27,2023-07-27,4,29,15,3.5,2917011600,0,16400
광주광역시 북구 삼각동,일곡엘리체프라임,84.9613,202307,6,2023-07-06,5,7,15,3.5,2917011600,0,40900
광주광역시 북구 삼각동,호반,59.4,202307,3,2023-07-03,12,33,15,3.5,2917011600,0,10100
광주광역시 북구 신안동,남양파크,59.76,202307,24,2023-07-24,3,28,3,3.5,2917010600,0,9700
광주광역시 북구 신안동,모아,84.9,202307,1,2023-07-01,5,32,3,3.5,2917010600,0,21300
광주광역시 북구 신안동,중흥파크맨션,59.37,202307,14,2023-07-14,4,37,3,3.5,2917010600,0,9500
광주광역시 북구 신용동,광주첨단2지구사랑으로부영,84.3616,202307,3,2023-07-03,7,10,32,3.5,2917013000,0,37000
광주광역시 북구 신용동,광주첨단2지구사랑으로부영,60.4624,202307,6,2023-07-06,11,10,32,3.5,2917013000,0,26200
광주광역시 북구 신용동,광주첨단2지구사랑으로부영,84.3616,202307,8,2023-07-08,12,10,32,3.5,2917013000,0,35000
광주광역시 북구 신용동,광주첨단2지구사랑으로부영,84.3616,202307,9,2023-07-09,18,10,32,3.5,2917013000,0,35300
광주광역시 북구 신용동,광주첨단2지구사랑으로부영,60.4624,202307,25,2023-07-25,18,10,32,3.5,2917013000,0,27800
광주광역시 북구 신용동,광주첨단2지구사랑으로부영,60.4624,202307,28,2023-07-28,12,10,32,3.5,2917013000,0,27500
광주광역시 북구 신용동,광주첨단2지구사랑으로부영,84.3616,202307,28,2023-07-28,16,10,32,3.5,2917013000,0,34000
광주광역시 북구 신용동,광주첨단2지구사랑으로부영,60.4624,202307,31,2023-07-31,21,10,32,3.5,2917013000,0,28200
광주광역시 북구 신용동,광주첨단2지구호반베르디움2단지,84.9419,202307,8,2023-07-08,13,10,32,3.5,2917013000,0,53000
광주광역시 북구 신용동,광주첨단2지구호반베르디움2단지,84.9419,202307,9,2023-07-09,7,10,32,3.5,2917013000,0,54750
광주광역시 북구 신용동,광주첨단2지구호반베르디움2단지,84.984,202307,15,2023-07-15,11,10,32,3.5,2917013000,0,52000
광주광역시 북구 신용동,광주첨단2지구호반베르디움2단지,84.9419,202307,29,2023-07-29,11,10,32,3.5,2917013000,0,54000
광주광역시 북구 신용동,광주첨단2지구호반베르디움2단지,84.984,202307,29,2023-07-29,11,10,32,3.5,2917013000,0,53000
광주광역시 북구 신용동,용두주공,59.99,202307,4,2023-07-04,9,25,32,3.5,2917013000,0,16850
광주광역시 북구 신용동,용두주공,59.99,202307,14,2023-07-14,6,25,32,3.5,2917013000,0,17500
광주광역시 북구 신용동,용두주공,59.99,202307,15,2023-07-15,2,25,32,3.5,2917013000,0,16500
광주광역시 북구 신용동,용두주공,49.29,202307,31,2023-07-31,6,25,32,3.5,2917013000,0,12450
광주광역시 북구 신용동,첨단2지구중흥에스-클래스,84.9976,202307,3,2023-07-03,17,8,32,3.5,2917013000,0,54000
광주광역시 북구 신용동,첨단2지구중흥에스-클래스,84.9976,202307,8,2023-07-08,15,8,32,3.5,2917013000,0,53500
광주광역시 북구 신용동,첨단2지구중흥에스-클래스,84.9976,202307,30,2023-07-30,21,8,32,3.5,2917013000,0,54700
광주광역시 북구 신용동,첨단자이1단지,84.9798,202307,4,2023-07-04,13,13,32,3.5,2917013000,0,40700
광주광역시 북구 신용동,첨단자이1단지,84.9893,202307,31,2023-07-31,6,13,32,3.5,2917013000,0,41800
광주광역시 북구 신용동,첨단자이2차,84.9442,202307,13,2023-07-13,10,11,32,3.5,2917013000,0,44700
광주광역시 북구 신용동,한양수자인리버뷰,65.6043,202307,1,2023-07-01,21,9,32,3.5,2917013000,0,36200
광주광역시 북구 신용동,한양수자인리버뷰,65.5173,202307,4,2023-07-04,1,9,32,3.5,2917013000,0,29000
광주광역시 북구 신용동,한양수자인리버뷰,65.6043,202307,8,2023-07-08,8,9,32,3.5,2917013000,0,37500
광주광역시 북구 신용동,한양수자인리버뷰,65.6043,202307,21,2023-07-21,15,9,32,3.5,2917013000,0,37200
광주광역시 북구 신용동,한양수자인리버뷰,84.3957,202307,21,2023-07-21,6,9,32,3.5,2917013000,0,54000
광주광역시 북구 신용동,한양수자인리버뷰,65.6043,202307,22,2023-07-22,11,9,32,3.5,2917013000,0,37800
광주광역시 북구 신용동,한양수자인리버뷰,65.5173,202307,31,2023-07-31,6,9,32,3.5,2917013000,0,33700
광주광역시 북구 신용동,한양수자인리버뷰,65.5173,202307,31,2023-07-31,6,9,32,3.5,2917013000,0,33700
광주광역시 북구 신용동,한양수자인리버뷰,65.6043,202307,31,2023-07-31,3,9,32,3.5,2917013000,0,34000
광주광역시 북구 양산동,새봄,59.97,202307,1,2023-07-01,2,27,14,3.5,2917012800,0,9400
광주광역시 북구 양산동,새봄,59.97,202307,5,2023-07-05,9,27,14,3.5,2917012800,0,10800
광주광역시 북구 양산동,송지트리뷰,84.9687,202307,12,2023-07-12,5,15,14,3.5,2917012800,0,26500
광주광역시 북구 양산동,송지트리뷰,84.9687,202307,13,2023-07-13,4,15,14,3.5,2917012800,0,24500
광주광역시 북구 양산동,영무예다음,84.9029,202307,3,2023-07-03,7,18,14,3.5,2917012800,0,32000
광주광역시 북구 양산동,유탑유블레스스카이뷰,74.2275,202307,11,2023-07-11,24,4,14,3.5,2917012800,0,35800
광주광역시 북구 양산동,일신1차,59.785,202307,8,2023-07-08,5,27,14,3.5,2917012800,0,14500
광주광역시 북구 양산동,일신1차,59.785,202307,29,2023-07-29,16,27,14,3.5,2917012800,0,14700
광주광역시 북구 양산동,일신2차,59.985,202307,29,2023-07-29,14,26,14,3.5,2917012800,0,17400
광주광역시 북구 양산동,지에스그린자이2차,112.0176,202307,4,2023-07-04,1,17,14,3.5,2917012800,0,40500
광주광역시 북구 양산동,호반,37.83,202307,5,2023-07-05,11,26,14,3.5,2917012800,0,7900
광주광역시 북구 양산동,호반,37.83,202307,19,2023-07-19,12,26,14,3.5,2917012800,0,7700
광주광역시 북구 양산동,호반리젠시빌,37.479,202307,8,2023-07-08,2,23,14,3.5,2917012800,0,7800
광주광역시 북구 양산동,호반리젠시빌,84.6862,202307,14,2023-07-14,14,23,14,3.5,2917012800,0,27400
광주광역시 북구 연제동,광명2차,59.97,202307,2,2023-07-02,9,25,21,3.5,2917012900,0,10500
광주광역시 북구 연제동,광명2차,59.97,202307,10,2023-07-10,12,25,21,3.5,2917012900,0,12000
광주광역시 북구 연제동,새한A,59.95,202307,13,2023-07-13,5,27,21,3.5,2917012900,0,11000
광주광역시 북구 연제동,연제2차대주피오레,84.8728,202307,8,2023-07-08,5,16,21,3.5,2917012900,0,30500
광주광역시 북구 연제동,연제대광로제비앙,84.6216,202307,4,2023-07-04,11,9,21,3.5,2917012900,0,38000
광주광역시 북구 연제동,연제대광로제비앙,84.6216,202307,8,2023-07-08,4,9,21,3.5,2917012900,0,35500
광주광역시 북구 연제동,연제동골드클래스,69.0696,202307,8,2023-07-08,9,5,21,3.5,2917012900,0,33000
광주광역시 북구 연제동,한국아델리움,84.545,202307,1,2023-07-01,8,22,21,3.5,2917012900,0,21500
광주광역시 북구 연제동,현대,84.945,202307,17,2023-07-17,1,31,21,3.5,2917012900,0,14000
광주광역시 북구 연제동,호반,37.83,202307,7,2023-07-07,1,26,21,3.5,2917012900,0,7500
광주광역시 북구 연제동,힐스테이트연제,84.9934,202307,1,2023-07-01,8,3,21,3.5,2917012900,0,48500
광주광역시 북구 연제동,힐스테이트연제,84.9947,202307,3,2023-07-03,3,3,21,3.5,2917012900,0,43500
광주광역시 북구 연제동,힐스테이트연제,84.9934,202307,5,2023-07-05,8,3,21,3.5,2917012900,0,49600
광주광역시 북구 연제동,힐스테이트연제,84.9934,202307,10,2023-07-10,18,3,21,3.5,2917012900,0,50250
광주광역시 북구 연제동,힐스테이트연제,84.9934,202307,15,2023-07-15,15,3,21,3.5,2917012900,0,49300
광주광역시 북구 연제동,힐스테이트연제,84.9934,202307,18,2023-07-18,8,3,21,3.5,2917012900,0,50000
광주광역시 북구 연제동,힐스테이트연제,84.9934,202307,22,2023-07-22,17,3,21,3.5,2917012900,0,50900
광주광역시 북구 연제동,힐스테이트연제,84.9934,202307,22,2023-07-22,17,3,21,3.5,2917012900,0,50900
광주광역시 북구 연제동,힐스테이트연제,84.9934,202307,22,2023-07-22,17,3,21,3.5,2917012900,0,50900
광주광역시 북구 연제동,힐스테이트연제,84.9934,202307,27,2023-07-27,17,3,21,3.5,2917012900,0,50900
광주광역시 북구 연제동,힐스테이트연제,82.411,202307,29,2023-07-29,1,3,21,3.5,2917012900,0,46300
광주광역시 북구 오치동,금호타운,84.94,202307,25,2023-07-25,2,28,23,3.5,2917011500,0,19500
광주광역시 북구 오치동,금호타운,84.94,202307,25,2023-07-25,2,28,23,3.5,2917011500,0,19500
광주광역시 북구 오치동,럭키,84.9,202307,10,2023-07-10,1,32,23,3.5,2917011500,0,15000
광주광역시 북구 오치동,럭키,84.9,202307,29,2023-07-29,11,32,23,3.5,2917011500,0,17000
광주광역시 북구 오치동,무등파크,59.97,202307,13,2023-07-13,13,31,23,3.5,2917011500,0,11900
광주광역시 북구 오치동,무등파크,84.24,202307,19,2023-07-19,7,31,23,3.5,2917011500,0,15000
광주광역시 북구 오치동,삼익,84.98,202307,21,2023-07-21,3,32,23,3.5,2917011500,0,15700
광주광역시 북구 오치동,우성,84.94,202307,18,2023-07-18,11,31,23,3.5,2917011500,0,16500
광주광역시 북구 오치동,주공,52.09,202307,1,2023-07-01,3,31,23,3.5,2917011500,0,9000
광주광역시 북구 오치동,주공,44.52,202307,3,2023-07-03,3,31,23,3.5,2917011500,0,6800
광주광역시 북구 오치동,주공,52.09,202307,3,2023-07-03,15,31,23,3.5,2917011500,0,9500
광주광역시 북구 오치동,주공,45,202307,3,2023-07-03,7,31,23,3.5,2917011500,0,6500
광주광역시 북구 오치동,주공,44.52,202307,3,2023-07-03,11,31,23,3.5,2917011500,0,7000
광주광역시 북구 오치동,주공,52.09,202307,4,2023-07-04,5,31,23,3.5,2917011500,0,10000
광주광역시 북구 오치동,주공,44.52,202307,8,2023-07-08,12,31,23,3.5,2917011500,0,7500
광주광역시 북구 오치동,주공,44.52,202307,9,2023-07-09,13,31,23,3.5,2917011500,0,7000
광주광역시 북구 오치동,주공,44.94,202307,18,2023-07-18,4,31,23,3.5,2917011500,0,6800
광주광역시 북구 오치동,주공,44.52,202307,18,2023-07-18,13,31,23,3.5,2917011500,0,9000
광주광역시 북구 오치동,주공,52.09,202307,19,2023-07-19,10,31,23,3.5,2917011500,0,12500
광주광역시 북구 오치동,주공,52.09,202307,28,2023-07-28,12,31,23,3.5,2917011500,0,12000
광주광역시 북구 오치동,주공,45,202307,29,2023-07-29,12,31,23,3.5,2917011500,0,6800
광주광역시 북구 오치동,주공,45,202307,31,2023-07-31,10,31,23,3.5,2917011500,0,7700
광주광역시 북구 오치동,천오2동,54.795,202307,4,2023-07-04,3,41,23,3.5,2917011500,0,6000
광주광역시 북구 용두동,미래하이클래스,59.9697,202307,25,2023-07-25,12,6,11,3.5,2917013100,0,22000
광주광역시 북구 용두동,양산진아리채,83.2578,202307,22,2023-07-22,11,7,11,3.5,2917013100,0,36000
광주광역시 북구 용두동,우방아이유쉘아파트,84.9712,202307,17,2023-07-17,10,5,11,3.5,2917013100,0,42000
광주광역시 북구 용두동,이안광주첨단아파트,59.98,202307,13,2023-07-13,6,6,11,3.5,2917013100,0,29600
광주광역시 북구 용두동,첨단용두산이고운아파트,84.9607,202307,21,2023-07-21,13,5,11,3.5,2917013100,0,44000
광주광역시 북구 용두동,첨단용두산이고운아파트,84.9607,202307,26,2023-07-26,13,5,11,3.5,2917013100,0,43000
광주광역시 북구 용두동,첨단용두산이고운아파트,84.9607,202307,30,2023-07-30,11,5,11,3.5,2917013100,0,42800
광주광역시 북구 용두동,첨단진아리채,84.9821,202307,9,2023-07-09,13,3,11,3.5,2917013100,0,43500
광주광역시 북구 용두동,첨단진아리채,84.9821,202307,15,2023-07-15,22,3,11,3.5,2917013100,0,47000
광주광역시 북구 용두동,첨단진아리채,84.9821,202307,19,2023-07-19,16,3,11,3.5,2917013100,0,47700
광주광역시 북구 용두동,첨단진아리채,84.9821,202307,29,2023-07-29,20,3,11,3.5,2917013100,0,45800
광주광역시 북구 용봉동,금호,84.68,202307,1,2023-07-01,18,29,19,3.5,2917010700,0,16500
광주광역시 북구 용봉동,대주파크빌2,84.9843,202307,1,2023-07-01,7,20,19,3.5,2917010700,0,23800
광주광역시 북구 용봉동,대주파크빌2,84.9843,202307,22,2023-07-22,6,20,19,3.5,2917010700,0,22500
광주광역시 북구 용봉동,모아미래도,36.0791,202307,18,2023-07-18,11,22,19,3.5,2917010700,0,9470
광주광역시 북구 용봉동,모아미래도,84.2328,202307,19,2023-07-19,8,22,19,3.5,2917010700,0,25300
광주광역시 북구 용봉동,삼성,133.35,202307,1,2023-07-01,2,30,19,3.5,2917010700,0,29000
광주광역시 북구 용봉동,삼성,59.76,202307,13,2023-07-13,17,30,19,3.5,2917010700,0,15000
광주광역시 북구 용봉동,쌍용예가,114.1204,202307,25,2023-07-25,12,17,19,3.5,2917010700,0,55000
광주광역시 북구 용봉동,용봉3차대주파크빌,84.5458,202307,19,2023-07-19,10,18,19,3.5,2917010700,0,31000
광주광역시 북구 용봉동,용봉동금호어울림,125.5959,202307,17,2023-07-17,10,18,19,3.5,2917010700,0,47000
광주광역시 북구 용봉동,용봉동아델리움인비엔날레,84.8097,202307,19,2023-07-19,9,6,19,3.5,2917010700,0,45500
광주광역시 북구 용봉동,용봉동아델리움인비엔날레,84.8097,202307,29,2023-07-29,5,6,19,3.5,2917010700,0,42000
광주광역시 북구 용봉동,용봉엘리체,59.857,202307,3,2023-07-03,12,10,19,3.5,2917010700,0,31000
광주광역시 북구 용봉동,유창하이리빙맨션1,84.84,202307,17,2023-07-17,5,30,19,3.5,2917010700,0,12250
광주광역시 북구 용봉동,유창하이리빙맨션1,84.84,202307,17,2023-07-17,5,30,19,3.5,2917010700,0,12250
광주광역시 북구 용봉동,한신,128.84,202307,25,2023-07-25,12,31,19,3.5,2917010700,0,20000
광주광역시 북구 용봉동,한화꿈에그린,84.8797,202307,4,2023-07-04,21,16,19,3.5,2917010700,0,32000
광주광역시 북구 용봉동,현대,84.92,202307,31,2023-07-31,8,33,19,3.5,2917010700,0,18550
광주광역시 북구 용봉동,현대3,84.97,202307,25,2023-07-25,15,24,19,3.5,2917010700,0,20300
광주광역시 북구 우산동,무진,72.8,202307,3,2023-07-03,1,41,2,3.5,2917011000,0,11200
광주광역시 북구 우산동,현대,115.15,202307,21,2023-07-21,5,32,2,3.5,2917011000,0,27000
광주광역시 북구 운암동,금호,73.204,202307,13,2023-07-13,15,32,21,3.5,2917010900,0,16000
광주광역시 북구 운암동,벽산블루밍메가씨티1단지,120.6054,202307,8,2023-07-08,16,15,21,3.5,2917010900,0,46500
광주광역시 북구 운암동,벽산블루밍메가씨티1단지,120.6054,202307,22,2023-07-22,8,15,21,3.5,2917010900,0,52000
광주광역시 북구 운암동,벽산블루밍메가씨티2단지,152.796,202307,13,2023-07-13,7,15,21,3.5,2917010900,0,56000
광주광역시 북구 운암동,벽산블루밍메가씨티2단지,152.796,202307,24,2023-07-24,25,15,21,3.5,2917010900,0,57800
광주광역시 북구 운암동,벽산블루밍메가씨티3단지,84.8269,202307,10,2023-07-10,3,15,21,3.5,2917010900,0,38500
광주광역시 북구 운암동,벽산블루밍메가씨티3단지,84.7489,202307,13,2023-07-13,26,15,21,3.5,2917010900,0,37500
광주광역시 북구 운암동,벽산블루밍메가씨티3단지,84.7489,202307,24,2023-07-24,10,15,21,3.5,2917010900,0,35700
광주광역시 북구 운암동,블루시안2차,84.8051,202307,29,2023-07-29,10,16,21,3.5,2917010900,0,26500
광주광역시 북구 운암동,우성,59.96,202307,29,2023-07-29,8,27,21,3.5,2917010900,0,15200
광주광역시 북구 운암동,운암동롯데캐슬1단지,122.2947,202307,26,2023-07-26,9,17,21,3.5,2917010900,0,46850
광주광역시 북구 운암동,운암동롯데캐슬2단지,122.2947,202307,7,2023-07-07,17,17,21,3.5,2917010900,0,40000
광주광역시 북구 운암동,운암신성포레힐아파트,74.99,202307,5,2023-07-05,6,7,21,3.5,2917010900,0,33200
광주광역시 북구 운암동,운암해피아이유,58.323,202307,15,2023-07-15,7,5,21,3.5,2917010900,0,19300
광주광역시 북구 운암동,일신2,59.82,202307,8,2023-07-08,5,32,21,3.5,2917010900,0,10100
광주광역시 북구 운암동,일신2,59.82,202307,14,2023-07-14,14,32,21,3.5,2917010900,0,13400
광주광역시 북구 운암동,일신2,59.82,202307,18,2023-07-18,11,32,21,3.5,2917010900,0,10700
광주광역시 북구 운암동,일신2,59.82,202307,25,2023-07-25,5,32,21,3.5,2917010900,0,10200
광주광역시 북구 운암동,코아루렉시안,84.9961,202307,20,2023-07-20,9,14,21,3.5,2917010900,0,31000
광주광역시 북구 운암동,현대,84.3,202307,8,2023-07-08,1,31,21,3.5,2917010900,0,17980
광주광역시 북구 운암동,현대,84.3,202307,28,2023-07-28,11,31,21,3.5,2917010900,0,19000
광주광역시 북구 일곡동,금호,84.72,202307,1,2023-07-01,10,27,30,3.5,2917012700,0,33500
광주광역시 북구 일곡동,대림1,59.935,202307,2,2023-07-02,16,26,30,3.5,2917012700,0,21500
광주광역시 북구 일곡동,대림1,59.935,202307,26,2023-07-26,20,26,30,3.5,2917012700,0,19500
광주광역시 북구 일곡동,대림2,68.32,202307,2,2023-07-02,12,25,30,3.5,2917012700,0,20900
광주광역시 북구 일곡동,대우,54.282,202307,30,2023-07-30,6,25,30,3.5,2917012700,0,12500
광주광역시 북구 일곡동,동아2,99.86,202307,23,2023-07-23,4,23,30,3.5,2917012700,0,35000
광주광역시 북구 일곡동,롯데,138.7,202307,11,2023-07-11,12,24,30,3.5,2917012700,0,59000
광주광역시 북구 일곡동,벽산,71.074,202307,25,2023-07-25,8,26,30,3.5,2917012700,0,20500
광주광역시 북구 일곡동,쌍용,96.87,202307,27,2023-07-27,15,26,30,3.5,2917012700,0,35000
광주광역시 북구 일곡동,진로,59.36,202307,17,2023-07-17,2,26,30,3.5,2917012700,0,17000
광주광역시 북구 일곡동,진로,59.36,202307,31,2023-07-31,13,26,30,3.5,2917012700,0,17000
광주광역시 북구 일곡동,청솔,48.45,202307,8,2023-07-08,2,23,30,3.5,2917012700,0,10300
광주광역시 북구 일곡동,청솔,48.45,202307,14,2023-07-14,15,23,30,3.5,2917012700,0,9500
광주광역시 북구 일곡동,청솔,48.45,202307,14,2023-07-14,12,23,30,3.5,2917012700,0,8700
광주광역시 북구 일곡동,청솔,48.45,202307,25,2023-07-25,2,23,30,3.5,2917012700,0,9700
광주광역시 북구 일곡동,청솔,48.45,202307,27,2023-07-27,12,23,30,3.5,2917012700,0,10050
광주광역시 북구 일곡동,청솔2차,48.45,202307,10,2023-07-10,14,23,30,3.5,2917012700,0,8300
광주광역시 북구 일곡동,청솔2차,48.45,202307,20,2023-07-20,8,23,30,3.5,2917012700,0,9400
광주광역시 북구 일곡동,청솔4차,48.45,202307,13,2023-07-13,15,22,30,3.5,2917012700,0,10000
광주광역시 북구 일곡동,청솔4차,48.45,202307,13,2023-07-13,11,22,30,3.5,2917012700,0,11700
광주광역시 북구 일곡동,청솔4차,48.45,202307,17,2023-07-17,6,22,30,3.5,2917012700,0,9000
광주광역시 북구 일곡동,청솔4차,48.45,202307,20,2023-07-20,11,22,30,3.5,2917012700,0,10000
광주광역시 북구 일곡동,청솔4차,48.45,202307,22,2023-07-22,4,22,30,3.5,2917012700,0,10000
광주광역시 북구 일곡동,한일,59.915,202307,1,2023-07-01,6,26,30,3.5,2917012700,0,16300
광주광역시 북구 일곡동,한일,59.915,202307,5,2023-07-05,6,26,30,3.5,2917012700,0,16150
광주광역시 북구 일곡동,현대1,59.36,202307,4,2023-07-04,5,26,30,3.5,2917012700,0,16000
광주광역시 북구 일곡동,현대1,59.36,202307,5,2023-07-05,10,26,30,3.5,2917012700,0,14200
광주광역시 북구 일곡동,현대1,59.36,202307,9,2023-07-09,16,26,30,3.5,2917012700,0,15800
광주광역시 북구 일곡동,현대1,59.36,202307,20,2023-07-20,13,26,30,3.5,2917012700,0,15500
광주광역시 북구 일곡동,현대2,59.36,202307,21,2023-07-21,4,25,30,3.5,2917012700,0,17500
광주광역시 북구 임동,대보맨션,59.28,202307,24,2023-07-24,3,31,9,3.5,2917010500,0,9500
광주광역시 북구 임동,임동2차국제미소래아파트,59.4918,202307,8,2023-07-08,14,5,9,3.5,2917010500,0,22000
광주광역시 북구 임동,임동2차국제미소래아파트,59.4918,202307,10,2023-07-10,10,5,9,3.5,2917010500,0,20500
광주광역시 북구 임동,임동중흥에스클래스센텀파크,84.9506,202307,3,2023-07-03,5,2,9,3.5,2917010500,0,54300
광주광역시 북구 임동,임동중흥에스클래스센텀파크,84.9506,202307,13,2023-07-13,4,2,9,3.5,2917010500,0,52000
광주광역시 북구 임동,임동중흥에스클래스센텀파크,84.9506,202307,31,2023-07-31,17,2,9,3.5,2917010500,0,53000
광주광역시 북구 임동,주공,59.91,202307,22,2023-07-22,15,18,9,3.5,2917010500,0,18400
광주광역시 북구 임동,한국아델리움2차,84.9308,202307,17,2023-07-17,3,16,9,3.5,2917010500,0,39000
광주광역시 북구 임동,한국아델리움2차,84.9308,202307,17,2023-07-17,3,16,9,3.5,2917010500,0,39000
광주광역시 북구 중흥동,모아1,145.35,202307,6,2023-07-06,12,32,7,3.5,2917010100,0,30250
광주광역시 북구 중흥동,모아1,84.99,202307,7,2023-07-07,8,32,7,3.5,2917010100,0,24700
광주광역시 북구 중흥동,모아1,145.35,202307,14,2023-07-14,5,32,7,3.5,2917010100,0,31000
광주광역시 북구 중흥동,모아1,84.99,202307,15,2023-07-15,15,32,7,3.5,2917010100,0,25000
광주광역시 북구 중흥동,모아1,84.99,202307,24,2023-07-24,9,32,7,3.5,2917010100,0,22000
광주광역시 북구 중흥동,모아1,84.99,202307,26,2023-07-26,7,32,7,3.5,2917010100,0,23000
광주광역시 북구 중흥동,프라임아너팰리스,77.8405,202307,31,2023-07-31,18,6,7,3.5,2917010100,0,26800
광주광역시 북구 풍향동,교대금호어울림,84.9833,202307,8,2023-07-08,6,6,1,3.5,2917011100,0,52000
광주광역시 서구 광천동,e편한세상,113.7384,202307,8,2023-07-08,7,13,9,3.5,2914011500,0,69500
광주광역시 서구 광천동,e편한세상,134.5698,202307,10,2023-07-10,5,13,9,3.5,2914011500,0,72000
광주광역시 서구 광천동,e편한세상,134.5698,202307,10,2023-07-10,5,13,9,3.5,2914011500,0,72000
광주광역시 서구 광천동,e편한세상,84.8921,202307,20,2023-07-20,6,13,9,3.5,2914011500,0,50200
광주광역시 서구 광천동,e편한세상,84.8921,202307,23,2023-07-23,6,13,9,3.5,2914011500,0,53000
광주광역시 서구 광천동,e편한세상,84.8921,202307,26,2023-07-26,8,13,9,3.5,2914011500,0,53200
광주광역시 서구 광천동,e편한세상,113.7384,202307,31,2023-07-31,9,13,9,3.5,2914011500,0,64500
광주광역시 서구 광천동,호반써밋광주,84.9463,202307,7,2023-07-07,46,4,9,3.5,2914011500,0,71000
광주광역시 서구 광천동,호반써밋광주,84.9405,202307,10,2023-07-10,9,4,9,3.5,2914011500,0,62000
광주광역시 서구 금호동,금호2지구도개공1단지,49.92,202307,12,2023-07-12,1,25,41,3.5,2914013000,0,12450
광주광역시 서구 금호동,금호2지구도시공사,59.8,202307,18,2023-07-18,8,24,41,3.5,2914013000,0,17150
광주광역시 서구 금호동,금호2지구도시공사,59.94,202307,27,2023-07-27,9,24,41,3.5,2914013000,0,18100
광주광역시 서구 금호동,금호2지구도시공사,59.94,202307,29,2023-07-29,12,24,41,3.5,2914013000,0,16700
광주광역시 서구 금호동,금호동우미호반아파트,84.89,202307,10,2023-07-10,5,29,41,3.5,2914013000,0,25300
광주광역시 서구 금호동,금호시영1단지,49.86,202307,21,2023-07-21,13,30,41,3.5,2914013000,0,13700
광주광역시 서구 금호동,금호시영5단지,59.82,202307,25,2023-07-25,3,29,41,3.5,2914013000,0,12200
광주광역시 서구 금호동,금호시영5단지,59.82,202307,26,2023-07-26,7,29,41,3.5,2914013000,0,13000
광주광역시 서구 금호동,남양파크,112.86,202307,17,2023-07-17,7,23,41,3.5,2914013000,0,35000
광주광역시 서구 금호동,대주파크빌,59.94,202307,3,2023-07-03,17,23,41,3.5,2914013000,0,22500
광주광역시 서구 금호동,대주파크빌,59.94,202307,7,2023-07-07,16,23,41,3.5,2914013000,0,20400
광주광역시 서구 금호동,대주파크빌,59.99,202307,10,2023-07-10,21,23,41,3.5,2914013000,0,19000
광주광역시 서구 금호동,대주파크빌,59.955,202307,14,2023-07-14,16,23,41,3.5,2914013000,0,17500
광주광역시 서구 금호동,대주파크빌,59.94,202307,21,2023-07-21,18,23,41,3.5,2914013000,0,20200
광주광역시 서구 금호동,라인,84.728,202307,27,2023-07-27,1,30,41,3.5,2914013000,0,17800
광주광역시 서구 금호동,모아엘가,84.99,202307,5,2023-07-05,3,25,41,3.5,2914013000,0,26800
광주광역시 서구 금호동,모아엘가,75.03,202307,17,2023-07-17,8,25,41,3.5,2914013000,0,27000
광주광역시 서구 금호동,부영(마재마을),80.1864,202307,9,2023-07-09,6,23,41,3.5,2914013000,0,23200
광주광역시 서구 금호동,부영(마재마을),80.1864,202307,21,2023-07-21,5,23,41,3.5,2914013000,0,21600
광주광역시 서구 금호동,송촌파인힐,84.75,202307,10,2023-07-10,10,22,41,3.5,2914013000,0,27500
광주광역시 서구 금호동,송촌파인힐,84.75,202307,14,2023-07-14,12,22,41,3.5,2914013000,0,27300
광주광역시 서구 금호동,이지더원,84.9493,202307,22,2023-07-22,13,17,41,3.5,2914013000,0,29700
광주광역시 서구 금호동,종원팰리스빌,84.9831,202307,6,2023-07-06,16,21,41,3.5,2914013000,0,34500
광주광역시 서구 금호동,종원팰리스빌,84.9831,202307,8,2023-07-08,18,21,41,3.5,2914013000,0,28000
광주광역시 서구 금호동,종원팰리스빌,84.9831,202307,10,2023-07-10,17,21,41,3.5,2914013000,0,30850
광주광역시 서구 금호동,종원팰리스빌,84.9831,202307,22,2023-07-22,1,21,41,3.5,2914013000,0,28200
광주광역시 서구 금호동,종원팰리스빌,84.9831,202307,30,2023-07-30,4,21,41,3.5,2914013000,0,28000
광주광역시 서구 금호동,중흥,59.55,202307,2,2023-07-02,14,23,41,3.5,2914013000,0,18300
광주광역시 서구 금호동,중흥,59.46,202307,4,2023-07-04,13,23,41,3.5,2914013000,0,19500
광주광역시 서구 금호동,중흥,59.55,202307,6,2023-07-06,16,23,41,3.5,2914013000,0,23300
광주광역시 서구 금호동,중흥,59.55,202307,6,2023-07-06,16,23,41,3.5,2914013000,0,21000
광주광역시 서구 금호동,중흥,59.55,202307,10,2023-07-10,3,23,41,3.5,2914013000,0,21500
광주광역시 서구 금호동,중흥,59.55,202307,11,2023-07-11,14,23,41,3.5,2914013000,0,21500
광주광역시 서구 금호동,중흥,59.55,202307,15,2023-07-15,11,23,41,3.5,2914013000,0,18500
광주광역시 서구 금호동,중흥,59.55,202307,21,2023-07-21,10,23,41,3.5,2914013000,0,19000
광주광역시 서구 금호동,중흥,59.55,202307,24,2023-07-24,17,23,41,3.5,2914013000,0,19000
광주광역시 서구 금호동,진흥더루벤스,136.235,202307,5,2023-07-05,6,14,41,3.5,2914013000,0,72540
광주광역시 서구 금호동,진흥더블파크,145.279,202307,5,2023-07-05,18,17,41,3.5,2914013000,0,66000
광주광역시 서구 금호동,진흥더블파크,120.297,202307,7,2023-07-07,16,17,41,3.5,2914013000,0,56000
광주광역시 서구 금호동,진흥더블파크,120.297,202307,29,2023-07-29,4,17,41,3.5,2914013000,0,51000
광주광역시 서구 금호동,호반리젠시빌3차,84.7555,202307,28,2023-07-28,13,22,41,3.5,2914013000,0,34400
광주광역시 서구 내방동,내방마을주공,84.11,202307,8,2023-07-08,13,21,6,3.5,2914012100,0,26800
광주광역시 서구 내방동,내방마을주공,59.19,202307,12,2023-07-12,3,21,6,3.5,2914012100,0,16900
광주광역시 서구 내방동,내방마을주공,39.93,202307,15,2023-07-15,9,21,6,3.5,2914012100,0,10500
광주광역시 서구 내방동,솔뫼타운,59.91,202307,17,2023-07-17,10,24,6,3.5,2914012100,0,14500
광주광역시 서구 내방동,솔뫼타운,46.365,202307,19,2023-07-19,11,24,6,3.5,2914012100,0,10200
광주광역시 서구 내방동,솔뫼타운,46.365,202307,27,2023-07-27,16,24,6,3.5,2914012100,0,10200
광주광역시 서구 농성동,농성SKVIEWCentral,84.9752,202307,1,2023-07-01,26,4,12,3.5,2914010600,2,60000
광주광역시 서구 농성동,농성SKVIEWCentral,84.9752,202307,7,2023-07-07,22,4,12,3.5,2914010600,2,58000
광주광역시 서구 농성동,농성SKVIEWCentral,84.9752,202307,17,2023-07-17,14,4,12,3.5,2914010600,2,62000
광주광역시 서구 농성동,농성SKVIEWCentral,74.9651,202307,23,2023-07-23,3,4,12,3.5,2914010600,2,44800
광주광역시 서구 농성동,농성SKVIEWCentral,84.9752,202307,28,2023-07-28,15,4,12,3.5,2914010600,2,57500
광주광역시 서구 농성동,농성동유탑유블레스,24.9706,202307,14,2023-07-14,3,11,12,3.5,2914010600,2,7000
광주광역시 서구 농성동,농성동유탑유블레스,19.7906,202307,14,2023-07-14,10,11,12,3.5,2914010600,2,5400
광주광역시 서구 농성동,삼익,84.11,202307,5,2023-07-05,7,40,12,3.5,2914010600,2,26000
광주광역시 서구 농성동,삼익,84.11,202307,7,2023-07-07,1,40,12,3.5,2914010600,2,24700
광주광역시 서구 농성동,삼익,84.11,202307,11,2023-07-11,7,40,12,3.5,2914010600,2,25500
광주광역시 서구 농성동,삼익,122.08,202307,17,2023-07-17,8,40,12,3.5,2914010600,2,41000
광주광역시 서구 농성동,삼익,108.67,202307,17,2023-07-17,6,40,12,3.5,2914010600,2,36500
광주광역시 서구 동천동,동천센트럴파크,84.99,202307,29,2023-07-29,7,16,14,3.5,2914013300,0,33800
광주광역시 서구 동천동,우미린,84.9679,202307,3,2023-07-03,9,16,14,3.5,2914013300,0,53000
광주광역시 서구 동천동,우미린,106.7823,202307,4,2023-07-04,14,16,14,3.5,2914013300,0,60000
광주광역시 서구 동천동,우미린,84.9679,202307,12,2023-07-12,14,16,14,3.5,2914013300,0,53900
광주광역시 서구 동천동,우미린,131.2954,202307,15,2023-07-15,5,16,14,3.5,2914013300,0,70000
광주광역시 서구 동천동,우미린,146.5431,202307,23,2023-07-23,5,16,14,3.5,2914013300,0,79000
광주광역시 서구 동천동,우미린,84.9679,202307,29,2023-07-29,5,16,14,3.5,2914013300,0,54000
광주광역시 서구 동천동,호반베르디움,144.4825,202307,9,2023-07-09,2,15,14,3.5,2914013300,0,65200
광주광역시 서구 동천동,호반베르디움,119.5762,202307,12,2023-07-12,2,15,14,3.5,2914013300,0,55500
광주광역시 서구 동천동,호반베르디움,84.858,202307,15,2023-07-15,17,15,14,3.5,2914013300,0,47000
광주광역시 서구 동천동,호반베르디움,84.858,202307,26,2023-07-26,11,15,14,3.5,2914013300,0,50000
광주광역시 서구 동천동,휴먼시아3단지,84.95,202307,5,2023-07-05,11,15,14,3.5,2914013300,0,36500
광주광역시 서구 동천동,휴먼시아3단지,75.72,202307,5,2023-07-05,8,15,14,3.5,2914013300,0,30500
광주광역시 서구 동천동,휴먼시아3단지,84.95,202307,8,2023-07-08,20,15,14,3.5,2914013300,0,35000
광주광역시 서구 마륵동,상무양우내안애,84.9014,202307,5,2023-07-05,8,3,7,3.5,2914013100,2,51000
광주광역시 서구 마륵동,상무양우내안애,84.6701,202307,14,2023-07-14,7,3,7,3.5,2914013100,2,50000
광주광역시 서구 마륵동,상무양우내안애,84.9014,202307,17,2023-07-17,9,3,7,3.5,2914013100,2,53500
광주광역시 서구 마륵동,상무양우내안애,84.6701,202307,17,2023-07-17,2,3,7,3.5,2914013100,2,48500
광주광역시 서구 마륵동,상무양우내안애,84.2343,202307,21,2023-07-21,14,3,7,3.5,2914013100,2,51700
광주광역시 서구 마륵동,상무자이,170.8552,202307,31,2023-07-31,3,15,7,3.5,2914013100,2,90000
광주광역시 서구 마륵동,희망가,84.9614,202307,10,2023-07-10,12,16,7,3.5,2914013100,2,32000
광주광역시 서구 쌍촌동,광명중흥,84.99,202307,27,2023-07-27,1,31,39,3.5,2914011800,2,19000
광주광역시 서구 쌍촌동,광명하이츠,84.93,202307,7,2023-07-07,23,31,39,3.5,2914011800,2,16800
광주광역시 서구 쌍촌동,광명하이츠,84.93,202307,11,2023-07-11,21,31,39,3.5,2914011800,2,16200
광주광역시 서구 쌍촌동,광명하이츠,84.93,202307,12,2023-07-12,22,31,39,3.5,2914011800,2,19500
광주광역시 서구 쌍촌동,광명하이츠,84.96,202307,12,2023-07-12,7,31,39,3.5,2914011800,2,19500
광주광역시 서구 쌍촌동,광명하이츠,84.96,202307,17,2023-07-17,17,31,39,3.5,2914011800,2,16500
광주광역시 서구 쌍촌동,광명하이츠,84.96,202307,18,2023-07-18,3,31,39,3.5,2914011800,2,18100
광주광역시 서구 쌍촌동,광명하이츠,84.96,202307,18,2023-07-18,25,31,39,3.5,2914011800,2,17800
광주광역시 서구 쌍촌동,광천모아엘가,72.9746,202307,11,2023-07-11,19,2,39,3.5,2914011800,2,38000
광주광역시 서구 쌍촌동,광천모아엘가,72.9746,202307,11,2023-07-11,2,2,39,3.5,2914011800,2,34000
광주광역시 서구 쌍촌동,광천모아엘가,72.9746,202307,19,2023-07-19,6,2,39,3.5,2914011800,2,37000
광주광역시 서구 쌍촌동,광천모아엘가,72.9746,202307,26,2023-07-26,19,2,39,3.5,2914011800,2,39800
광주광역시 서구 쌍촌동,대주,99.83,202307,21,2023-07-21,12,31,39,3.5,2914011800,2,31000
광주광역시 서구 쌍촌동,명지,84.78,202307,11,2023-07-11,9,26,39,3.5,2914011800,2,28000
광주광역시 서구 쌍촌동,명지맨션,84.06,202307,10,2023-07-10,10,38,39,3.5,2914011800,2,16000
광주광역시 서구 쌍촌동,모아제일,84.9,202307,12,2023-07-12,7,25,39,3.5,2914011800,2,24800
광주광역시 서구 쌍촌동,모아제일,84.9,202307,17,2023-07-17,10,25,39,3.5,2914011800,2,25000
광주광역시 서구 쌍촌동,부건빛고을,84.9278,202307,20,2023-07-20,7,18,39,3.5,2914011800,2,27300
광주광역시 서구 쌍촌동,빛고을파크,59.85,202307,4,2023-07-04,12,32,39,3.5,2914011800,2,13900
광주광역시 서구 쌍촌동,빛고을파크,59.85,202307,4,2023-07-04,12,32,39,3.5,2914011800,2,13900
광주광역시 서구 쌍촌동,빛고을파크,59.85,202307,19,2023-07-19,10,32,39,3.5,2914011800,2,13200
광주광역시 서구 쌍촌동,빛고을파크,59.82,202307,31,2023-07-31,7,32,39,3.5,2914011800,2,13100
광주광역시 서구 쌍촌동,상무엘리체,84.9977,202307,7,2023-07-07,11,5,39,3.5,2914011800,2,40000
광주광역시 서구 쌍촌동,상무엘리체,84.9977,202307,21,2023-07-21,9,5,39,3.5,2914011800,2,49000
광주광역시 서구 쌍촌동,상무엘리체,84.981,202307,30,2023-07-30,6,5,39,3.5,2914011800,2,45500
광주광역시 서구 쌍촌동,상무지오스테이션,73.8089,202307,11,2023-07-11,15,7,39,3.5,2914011800,2,29300
광주광역시 서구 쌍촌동,상무한국아델리움,84.953,202307,7,2023-07-07,17,4,39,3.5,2914011800,2,45000
광주광역시 서구 쌍촌동,상무한국아델리움,84.953,202307,14,2023-07-14,6,4,39,3.5,2914011800,2,43000
광주광역시 서구 쌍촌동,상무한국아델리움,84.9546,202307,19,2023-07-19,20,4,39,3.5,2914011800,2,44000
광주광역시 서구 쌍촌동,상무한국아델리움,84.953,202307,23,2023-07-23,15,4,39,3.5,2914011800,2,45000
광주광역시 서구 쌍촌동,상무힐스테이트,190.7811,202307,18,2023-07-18,7,13,39,3.5,2914011800,2,113000
광주광역시 서구 쌍촌동,신천파크맨션,84.99,202307,8,2023-07-08,2,35,39,3.5,2914011800,2,15100
광주광역시 서구 쌍촌동,신천힐탑맨션,59.99,202307,21,2023-07-21,15,12,39,3.5,2914011800,2,11800
광주광역시 서구 쌍촌동,우미아트빌2,84.6985,202307,31,2023-07-31,8,21,39,3.5,2914011800,2,43000
광주광역시 서구 쌍촌동,일신,59.87,202307,7,2023-07-07,14,25,39,3.5,2914011800,2,21300
광주광역시 서구 쌍촌동,일신,59.87,202307,12,2023-07-12,14,25,39,3.5,2914011800,2,18500
광주광역시 서구 쌍촌동,중흥에스-클래스,84.9608,202307,24,2023-07-24,1,17,39,3.5,2914011800,2,45000
광주광역시 서구 쌍촌동,현대,84.42,202307,22,2023-07-22,8,26,39,3.5,2914011800,2,28800
광주광역시 서구 쌍촌동,현대,133.89,202307,25,2023-07-25,9,26,39,3.5,2914011800,2,41000
광주광역시 서구 양동,그린파크,59.85,202307,14,2023-07-14,2,27,3,3.5,2914010400,1,11000
광주광역시 서구 양동,삼익맨션,82.46,202307,6,2023-07-06,8,45,3,3.5,2914010400,1,17850
광주광역시 서구 양동,양동CENTRALVIEW,74.9,202307,22,2023-07-22,10,13,3,3.5,2914010400,1,32900
광주광역시 서구 유촌동,상무버들마을주공2,59.92,202307,3,2023-07-03,3,24,7,3.5,2914011600,0,17800
광주광역시 서구 유촌동,상무버들마을주공2,59.97,202307,22,2023-07-22,15,24,7,3.5,2914011600,0,17400
광주광역시 서구 유촌동,상무버들마을주공2,59.97,202307,29,2023-07-29,8,24,7,3.5,2914011600,0,19800
광주광역시 서구 유촌동,유촌동다이아빌,39.4128,202307,7,2023-07-07,11,18,7,3.5,2914011600,0,8000
광주광역시 서구 유촌동,유촌동다이아빌,59.9785,202307,26,2023-07-26,15,18,7,3.5,2914011600,0,17000
광주광역시 서구 유촌동,호반리젠시빌,80.779,202307,7,2023-07-07,17,22,7,3.5,2914011600,0,31900
광주광역시 서구 유촌동,호반리젠시빌,80.779,202307,26,2023-07-26,3,22,7,3.5,2914011600,0,33300
광주광역시 서구 치평동,금호3,84.87,202307,13,2023-07-13,13,25,32,3.5,2914012000,0,50900
광주광역시 서구 치평동,금호4,84.985,202307,1,2023-07-01,3,25,32,3.5,2914012000,0,37400
광주광역시 서구 치평동,금호4,84.985,202307,9,2023-07-09,13,25,32,3.5,2914012000,0,35500
광주광역시 서구 치평동,금호대우,59.94,202307,1,2023-07-01,15,25,32,3.5,2914012000,0,23500
광주광역시 서구 치평동,대우금호,59.94,202307,10,2023-07-10,1,25,32,3.5,2914012000,0,21000
광주광역시 서구 치평동,대우금호,59.94,202307,17,2023-07-17,12,25,32,3.5,2914012000,0,23300
광주광역시 서구 치평동,라인대주,59.9,202307,3,2023-07-03,4,26,32,3.5,2914012000,0,25000
광주광역시 서구 치평동,라인대주,59.87,202307,21,2023-07-21,15,26,32,3.5,2914012000,0,29000
광주광역시 서구 치평동,라인대주,59.87,202307,28,2023-07-28,1,26,32,3.5,2914012000,0,23000
광주광역시 서구 치평동,라인동산,59.87,202307,5,2023-07-05,5,24,32,3.5,2914012000,0,23000
광주광역시 서구 치평동,라인동산,59.87,202307,7,2023-07-07,15,24,32,3.5,2914012000,0,30000
광주광역시 서구 치평동,라인동산,59.87,202307,10,2023-07-10,12,24,32,3.5,2914012000,0,26000
광주광역시 서구 치평동,라인동산,59.87,202307,24,2023-07-24,19,24,32,3.5,2914012000,0,27400
광주광역시 서구 치평동,상무1차우미,59.88,202307,13,2023-07-13,5,25,32,3.5,2914012000,0,18600
광주광역시 서구 치평동,상무1차우미,59.76,202307,24,2023-07-24,2,25,32,3.5,2914012000,0,16900
광주광역시 서구 치평동,상무광명메이루즈,67.6269,202307,3,2023-07-03,13,7,32,3.5,2914012000,0,38000
광주광역시 서구 치평동,상무광명메이루즈,67.6269,202307,5,2023-07-05,28,7,32,3.5,2914012000,0,40000
광주광역시 서구 치평동,상무지구영무예다음주상복합,69.8688,202307,12,2023-07-12,30,3,32,3.5,2914012000,0,35950
광주광역시 서구 치평동,중흥(1168-1),84.93,202307,11,2023-07-11,2,26,32,3.5,2914012000,0,35250
광주광역시 서구 치평동,중흥(1168-1),84.93,202307,18,2023-07-18,1,26,32,3.5,2914012000,0,35600
광주광역시 서구 치평동,중흥(1168-9),106.83,202307,12,2023-07-12,5,26,32,3.5,2914012000,0,58500
광주광역시 서구 치평동,중흥(1168-9),106.83,202307,19,2023-07-19,6,26,32,3.5,2914012000,0,48700
광주광역시 서구 치평동,한국,59.975,202307,26,2023-07-26,15,25,32,3.5,2914012000,0,19500
광주광역시 서구 치평동,해광한신,59.99,202307,1,2023-07-01,14,25,32,3.5,2914012000,0,21000
광주광역시 서구 치평동,해광한신,59.99,202307,21,2023-07-21,4,25,32,3.5,2914012000,0,22200
광주광역시 서구 치평동,해광한신,59.99,202307,21,2023-07-21,9,25,32,3.5,2914012000,0,20000
광주광역시 서구 치평동,현대,59.69,202307,3,2023-07-03,14,25,32,3.5,2914012000,0,27500
광주광역시 서구 치평동,현대,84.75,202307,13,2023-07-13,19,25,32,3.5,2914012000,0,38500
광주광역시 서구 치평동,현대,84.75,202307,16,2023-07-16,19,25,32,3.5,2914012000,0,38500
광주광역시 서구 치평동,호반,59.91,202307,8,2023-07-08,3,25,32,3.5,2914012000,0,20000
광주광역시 서구 치평동,호반,59.91,202307,18,2023-07-18,10,25,32,3.5,2914012000,0,19000
광주광역시 서구 치평동,호반,59.91,202307,29,2023-07-29,7,25,32,3.5,2914012000,0,19100
광주광역시 서구 풍암동,광명메이루즈,121.0522,202307,1,2023-07-01,6,10,26,3.5,2914012800,0,57500
광주광역시 서구 풍암동,대주파크빌(3차),84.815,202307,3,2023-07-03,17,20,26,3.5,2914012800,0,27000
광주광역시 서구 풍암동,동부센트레빌,84.601,202307,19,2023-07-19,5,20,26,3.5,2914012800,0,36500
광주광역시 서구 풍암동,동부센트레빌,114.989,202307,20,2023-07-20,10,20,26,3.5,2914012800,0,44000
광주광역시 서구 풍암동,부영APT(신암마을),80.1864,202307,9,2023-07-09,18,23,26,3.5,2914012800,0,27000
광주광역시 서구 풍암동,부영APT(신암마을),80.1864,202307,15,2023-07-15,12,23,26,3.5,2914012800,0,29500
광주광역시 서구 풍암동,부영APT(신암마을),80.1864,202307,22,2023-07-22,1,23,26,3.5,2914012800,0,22800
광주광역시 서구 풍암동,삼능남양,60,202307,14,2023-07-14,7,23,26,3.5,2914012800,0,16500
광주광역시 서구 풍암동,새한센시빌,82.6212,202307,3,2023-07-03,15,22,26,3.5,2914012800,0,32000
광주광역시 서구 풍암동,우미광장,59.955,202307,3,2023-07-03,15,23,26,3.5,2914012800,0,16600
광주광역시 서구 풍암동,우미광장,59.955,202307,11,2023-07-11,18,23,26,3.5,2914012800,0,18000
광주광역시 서구 풍암동,우미광장,59.79,202307,11,2023-07-11,16,23,26,3.5,2914012800,0,18000
광주광역시 서구 풍암동,우미광장,59.955,202307,15,2023-07-15,18,23,26,3.5,2914012800,0,18700
광주광역시 서구 풍암동,우미광장,59.955,202307,15,2023-07-15,11,23,26,3.5,2914012800,0,17000
광주광역시 서구 풍암동,우미광장,33.7075,202307,16,2023-07-16,15,23,26,3.5,2914012800,0,8100
광주광역시 서구 풍암동,우미광장,59.955,202307,31,2023-07-31,6,23,26,3.5,2914012800,0,16100
광주광역시 서구 풍암동,중흥아파트,84.99,202307,6,2023-07-06,15,23,26,3.5,2914012800,0,27000
광주광역시 서구 풍암동,중흥호반,59.46,202307,1,2023-07-01,16,23,26,3.5,2914012800,0,18300
광주광역시 서구 풍암동,중흥호반,59.88,202307,6,2023-07-06,13,23,26,3.5,2914012800,0,18500
광주광역시 서구 풍암동,중흥호반,59.46,202307,26,2023-07-26,6,23,26,3.5,2914012800,0,18200
광주광역시 서구 풍암동,중흥호반,59.55,202307,31,2023-07-31,2,23,26,3.5,2914012800,0,19000
광주광역시 서구 풍암동,한국,59.985,202307,20,2023-07-20,5,23,26,3.5,2914012800,0,17500
광주광역시 서구 풍암동,한국아델리움,130.5085,202307,28,2023-07-28,11,14,26,3.5,2914012800,0,63000
광주광역시 서구 풍암동,한신,59.79,202307,18,2023-07-18,13,23,26,3.5,2914012800,0,14200
광주광역시 서구 풍암동,현대,59.95,202307,17,2023-07-17,20,23,26,3.5,2914012800,0,14800
광주광역시 서구 풍암동,현대,59.95,202307,31,2023-07-31,4,23,26,3.5,2914012800,0,15400
광주광역시 서구 화정동,금호1,134.94,202307,3,2023-07-03,10,30,42,3.5,2914011900,1,39800
광주광역시 서구 화정동,금호1,134.94,202307,12,2023-07-12,11,30,42,3.5,2914011900,1,42000
광주광역시 서구 화정동,대주,118.63,202307,25,2023-07-25,9,31,42,3.5,2914011900,1,26400
광주광역시 서구 화정동,대주피오레,123.9271,202307,15,2023-07-15,16,16,42,3.5,2914011900,1,48000
광주광역시 서구 화정동,더샵염주센트럴파크,110.9962,202307,13,2023-07-13,9,1,42,3.5,2914011900,1,108500
광주광역시 서구 화정동,더샵염주센트럴파크,76.9612,202307,13,2023-07-13,20,1,42,3.5,2914011900,1,58700
광주광역시 서구 화정동,더샵염주센트럴파크,76.9612,202307,23,2023-07-23,21,1,42,3.5,2914011900,1,64000
광주광역시 서구 화정동,라인동산,84.97,202307,18,2023-07-18,4,31,42,3.5,2914011900,1,22000
광주광역시 서구 화정동,라인동산,84.97,202307,26,2023-07-26,7,31,42,3.5,2914011900,1,23000
광주광역시 서구 화정동,럭키,52.56,202307,24,2023-07-24,4,38,42,3.5,2914011900,1,18000
광주광역시 서구 화정동,모아타워,121.14,202307,6,2023-07-06,11,30,42,3.5,2914011900,1,34440
광주광역시 서구 화정동,무등파크맨션,84.96,202307,15,2023-07-15,13,38,42,3.5,2914011900,1,20000
광주광역시 서구 화정동,우성2,59,202307,14,2023-07-14,3,36,42,3.5,2914011900,1,15500
광주광역시 서구 화정동,유니버시아드힐스테이트1단지,84.98,202307,3,2023-07-03,11,7,42,3.5,2914011900,1,55800
광주광역시 서구 화정동,유니버시아드힐스테이트1단지,84.96,202307,8,2023-07-08,33,7,42,3.5,2914011900,1,59000
광주광역시 서구 화정동,유니버시아드힐스테이트1단지,84.98,202307,15,2023-07-15,13,7,42,3.5,2914011900,1,58000
광주광역시 서구 화정동,유니버시아드힐스테이트1단지,84.98,202307,27,2023-07-27,17,7,42,3.5,2914011900,1,57800
광주광역시 서구 화정동,유니버시아드힐스테이트2단지,84.98,202307,8,2023-07-08,13,7,42,3.5,2914011900,1,54500
광주광역시 서구 화정동,유니버시아드힐스테이트2단지,84.97,202307,8,2023-07-08,19,7,42,3.5,2914011900,1,53500
광주광역시 서구 화정동,유니버시아드힐스테이트2단지,84.97,202307,19,2023-07-19,4,7,42,3.5,2914011900,1,52400
광주광역시 서구 화정동,유니버시아드힐스테이트3단지,84.97,202307,1,2023-07-01,12,7,42,3.5,2914011900,1,59000
광주광역시 서구 화정동,유니버시아드힐스테이트3단지,101.96,202307,7,2023-07-07,21,7,42,3.5,2914011900,1,75000
광주광역시 서구 화정동,유니버시아드힐스테이트3단지,101.96,202307,9,2023-07-09,25,7,42,3.5,2914011900,1,92000
광주광역시 서구 화정동,유니버시아드힐스테이트3단지,84.97,202307,13,2023-07-13,27,7,42,3.5,2914011900,1,63000
광주광역시 서구 화정동,유니버시아드힐스테이트3단지,84.98,202307,19,2023-07-19,5,7,42,3.5,2914011900,1,55800
광주광역시 서구 화정동,유니버시아드힐스테이트3단지,84.98,202307,30,2023-07-30,22,7,42,3.5,2914011900,1,60000
광주광역시 서구 화정동,유탑유블레스,19.7906,202307,15,2023-07-15,8,10,42,3.5,2914011900,1,5850
광주광역시 서구 화정동,태영,59.93,202307,4,2023-07-04,10,34,42,3.5,2914011900,1,19500
광주광역시 서구 화정동,태영,54.04,202307,5,2023-07-05,11,34,42,3.5,2914011900,1,11500
광주광역시 서구 화정동,한양,84.99,202307,4,2023-07-04,2,25,42,3.5,2914011900,1,19100
광주광역시 서구 화정동,한양,59.972,202307,28,2023-07-28,8,25,42,3.5,2914011900,1,12000
광주광역시 서구 화정동,해광샹그릴라센트럴337,80.6131,202307,1,2023-07-01,7,6,42,3.5,2914011900,1,26700
광주광역시 서구 화정동,해광샹그릴라센트럴337,54.6212,202307,31,2023-07-31,2,6,42,3.5,2914011900,1,17700
광주광역시 서구 화정동,현대(859-1),60,202307,5,2023-07-05,4,36,42,3.5,2914011900,1,17200
광주광역시 서구 화정동,현대(859-1),53.46,202307,21,2023-07-21,11,36,42,3.5,2914011900,1,13100
광주광역시 서구 화정동,화정동고운하이플러스,84.2401,202307,19,2023-07-19,10,9,42,3.5,2914011900,1,35800
광주광역시 서구 화정동,화정동고운하이플러스,84.2401,202307,24,2023-07-24,3,9,42,3.5,2914011900,1,30900
광주광역시 서구 화정동,화정동영무예다음,59.6134,202307,12,2023-07-12,10,20,42,3.5,2914011900,1,14300
광주광역시 서구 화정동,화정동영무예다음,59.6134,202307,14,2023-07-14,11,20,42,3.5,2914011900,1,13600
광주광역시 서구 화정동,화정우미,59.83,202307,6,2023-07-06,9,27,42,3.5,2914011900,1,16500
광주광역시 서구 화정동,화정우미,59.83,202307,6,2023-07-06,9,27,42,3.5,2914011900,1,16500
광주광역시 서구 화정동,화정우미,59.83,202307,13,2023-07-13,17,27,42,3.5,2914011900,1,17000
