시군구,번지,본번,부번,단지명,단지명길이,전용면적(㎡),계약년월,계약년,계약월,계약일,거래금액(만원),층,건축년도,도로명,해제사유발생일,거래유형,중개사소재지
광주광역시 서구 매월동,1077,1077,0,EG스위트밸리,7,84.439,202101,2021,1,4,"26,000",7,2003,화개중앙로87번길 16-3,,-,-
광주광역시 서구 매월동,1077,1077,0,EG스위트밸리,7,84.439,202102,2021,2,26,"27,200",7,2003,화개중앙로87번길 16-3,,-,-
광주광역시 서구 매월동,1077,1077,0,EG스위트밸리,7,84.439,202103,2021,3,4,"28,200",14,2003,화개중앙로87번길 16-3,,-,-
광주광역시 서구 매월동,1077,1077,0,EG스위트밸리,7,84.439,202103,2021,3,12,"27,500",4,2003,화개중앙로87번길 16-3,,-,-
광주광역시 서구 매월동,1077,1077,0,EG스위트밸리,7,84.439,202103,2021,3,25,"29,700",8,2003,화개중앙로87번길 16-3,20210527.0,-,-
광주광역시 서구 매월동,1077,1077,0,EG스위트밸리,7,84.439,202103,2021,3,29,"26,500",1,2003,화개중앙로87번길 16-3,,-,-
광주광역시 서구 매월동,1077,1077,0,EG스위트밸리,7,84.439,202104,2021,4,16,"29,500",12,2003,화개중앙로87번길 16-3,,-,-
광주광역시 서구 매월동,1110,1110,0,매월동아델리움로제비앙,11,84.7741,202101,2021,1,2,"41,000",1,2017,화개중앙로87번길 15,,-,-
광주광역시 서구 매월동,1110,1110,0,매월동아델리움로제비앙,11,84.7681,202101,2021,1,13,"47,000",5,2017,화개중앙로87번길 15,,-,-
광주광역시 서구 매월동,1110,1110,0,매월동아델리움로제비앙,11,84.7681,202102,2021,2,3,"47,900",13,2017,화개중앙로87번길 15,,-,-
광주광역시 서구 매월동,1110,1110,0,매월동아델리움로제비앙,11,84.7741,202102,2021,2,9,"48,000",9,2017,화개중앙로87번길 15,,-,-
광주광역시 서구 매월동,1110,1110,0,매월동아델리움로제비앙,11,84.7681,202102,2021,2,15,"47,100",7,2017,화개중앙로87번길 15,20210423.0,-,-
광주광역시 서구 매월동,1110,1110,0,매월동아델리움로제비앙,11,84.7741,202102,2021,2,24,"43,500",15,2017,화개중앙로87번길 15,,-,-
광주광역시 서구 매월동,1110,1110,0,매월동아델리움로제비앙,11,84.7681,202102,2021,2,27,"48,800",12,2017,화개중앙로87번길 15,,-,-
광주광역시 서구 매월동,1110,1110,0,매월동아델리움로제비앙,11,84.7681,202103,2021,3,13,"49,000",17,2017,화개중앙로87번길 15,20210520.0,-,-
광주광역시 서구 매월동,1110,1110,0,매월동아델리움로제비앙,11,84.7681,202103,2021,3,16,"48,450",18,2017,화개중앙로87번길 15,,-,-
광주광역시 서구 매월동,1110,1110,0,매월동아델리움로제비앙,11,84.7681,202103,2021,3,26,"48,000",11,2017,화개중앙로87번길 15,,-,-
광주광역시 서구 매월동,1110,1110,0,매월동아델리움로제비앙,11,84.7681,202103,2021,3,26,"48,500",17,2017,화개중앙로87번길 15,20210423.0,-,-
광주광역시 서구 매월동,1077,1077,0,EG스위트밸리,7,84.439,202002,2020,2,8,"27,000",4,2003,화개중앙로87번길 16-3,,-,-
광주광역시 서구 매월동,1077,1077,0,EG스위트밸리,7,84.439,202002,2020,2,18,"26,000",5,2003,화개중앙로87번길 16-3,,-,-
광주광역시 서구 매월동,1077,1077,0,EG스위트밸리,7,84.439,202004,2020,4,15,"27,900",8,2003,화개중앙로87번길 16-3,,-,-
광주광역시 서구 매월동,1077,1077,0,EG스위트밸리,7,84.439,202006,2020,6,26,"28,000",7,2003,화개중앙로87번길 16-3,,-,-
광주광역시 서구 매월동,1077,1077,0,EG스위트밸리,7,84.439,202008,2020,8,6,"26,700",5,2003,화개중앙로87번길 16-3,,-,-
광주광역시 서구 매월동,1077,1077,0,EG스위트밸리,7,84.439,202009,2020,9,9,"26,000",13,2003,화개중앙로87번길 16-3,,-,-
광주광역시 서구 매월동,1077,1077,0,EG스위트밸리,7,84.439,202009,2020,9,24,"28,800",13,2003,화개중앙로87번길 16-3,,-,-
광주광역시 서구 매월동,1077,1077,0,EG스위트밸리,7,84.439,202010,2020,10,13,"25,500",8,2003,화개중앙로87번길 16-3,,-,-
광주광역시 서구 매월동,1077,1077,0,EG스위트밸리,7,84.439,202010,2020,10,24,"28,500",14,2003,화개중앙로87번길 16-3,,-,-
광주광역시 서구 매월동,1077,1077,0,EG스위트밸리,7,84.439,202011,2020,11,24,"28,700",10,2003,화개중앙로87번길 16-3,,-,-
광주광역시 서구 매월동,1077,1077,0,EG스위트밸리,7,84.439,202012,2020,12,8,"26,150",9,2003,화개중앙로87번길 16-3,,-,-
광주광역시 서구 매월동,1077,1077,0,EG스위트밸리,7,84.439,202012,2020,12,19,"27,950",9,2003,화개중앙로87번길 16-3,,-,-
광주광역시 서구 매월동,1077,1077,0,EG스위트밸리,7,84.439,202012,2020,12,20,"26,200",4,2003,화개중앙로87번길 16-3,,-,-
광주광역시 서구 매월동,1077,1077,0,EG스위트밸리,7,84.439,202012,2020,12,21,"27,000",7,2003,화개중앙로87번길 16-3,,-,-
광주광역시 서구 매월동,1077,1077,0,EG스위트밸리,7,84.439,202012,2020,12,31,"28,450",9,2003,화개중앙로87번길 16-3,20210503.0,-,-
광주광역시 서구 매월동,1110,1110,0,매월동아델리움로제비앙,11,84.7681,202001,2020,1,11,"40,600",7,2017,화개중앙로87번길 15,,-,-
광주광역시 서구 매월동,1110,1110,0,매월동아델리움로제비앙,11,84.7681,202001,2020,1,13,"37,900",1,2017,화개중앙로87번길 15,,-,-
광주광역시 서구 매월동,1110,1110,0,매월동아델리움로제비앙,11,84.7681,202001,2020,1,14,"39,000",5,2017,화개중앙로87번길 15,,-,-
광주광역시 서구 매월동,1110,1110,0,매월동아델리움로제비앙,11,84.7741,202001,2020,1,15,"38,500",4,2017,화개중앙로87번길 15,,-,-
광주광역시 서구 매월동,1110,1110,0,매월동아델리움로제비앙,11,84.7741,202001,2020,1,30,"42,500",9,2017,화개중앙로87번길 15,,-,-
광주광역시 서구 매월동,1110,1110,0,매월동아델리움로제비앙,11,84.7741,202001,2020,1,30,"38,700",5,2017,화개중앙로87번길 15,,-,-
광주광역시 서구 매월동,1110,1110,0,매월동아델리움로제비앙,11,84.7741,202002,2020,2,8,"41,400",16,2017,화개중앙로87번길 15,,-,-
광주광역시 서구 매월동,1110,1110,0,매월동아델리움로제비앙,11,84.7681,202002,2020,2,11,"40,600",7,2017,화개중앙로87번길 15,,-,-
광주광역시 서구 매월동,1110,1110,0,매월동아델리움로제비앙,11,84.7681,202002,2020,2,24,"40,800",6,2017,화개중앙로87번길 15,,-,-
광주광역시 서구 매월동,1110,1110,0,매월동아델리움로제비앙,11,84.7681,202003,2020,3,4,"38,000",2,2017,화개중앙로87번길 15,,-,-
광주광역시 서구 매월동,1110,1110,0,매월동아델리움로제비앙,11,84.7741,202003,2020,3,5,"39,900",8,2017,화개중앙로87번길 15,,-,-
광주광역시 서구 매월동,1110,1110,0,매월동아델리움로제비앙,11,84.7681,202003,2020,3,14,"41,300",13,2017,화개중앙로87번길 15,,-,-
광주광역시 서구 매월동,1110,1110,0,매월동아델리움로제비앙,11,84.7741,202003,2020,3,19,"43,000",8,2017,화개중앙로87번길 15,20200401.0,-,-
광주광역시 서구 매월동,1110,1110,0,매월동아델리움로제비앙,11,84.7681,202003,2020,3,23,"38,900",5,2017,화개중앙로87번길 15,,-,-
광주광역시 서구 매월동,1110,1110,0,매월동아델리움로제비앙,11,84.7681,202003,2020,3,24,"40,500",12,2017,화개중앙로87번길 15,,-,-
광주광역시 서구 매월동,1110,1110,0,매월동아델리움로제비앙,11,84.7681,202003,2020,3,28,"37,900",1,2017,화개중앙로87번길 15,,-,-
광주광역시 서구 매월동,1110,1110,0,매월동아델리움로제비앙,11,84.7681,202004,2020,4,19,"37,250",3,2017,화개중앙로87번길 15,,-,-
광주광역시 서구 매월동,1110,1110,0,매월동아델리움로제비앙,11,84.7681,202004,2020,4,25,"41,500",11,2017,화개중앙로87번길 15,,-,-
광주광역시 서구 매월동,1110,1110,0,매월동아델리움로제비앙,11,84.7741,202005,2020,5,1,"49,800",10,2017,화개중앙로87번길 15,,-,-
광주광역시 서구 매월동,1110,1110,0,매월동아델리움로제비앙,11,84.7741,202005,2020,5,28,"40,000",13,2017,화개중앙로87번길 15,,-,-
광주광역시 서구 매월동,1110,1110,0,매월동아델리움로제비앙,11,84.7741,202006,2020,6,8,"38,000",3,2017,화개중앙로87번길 15,,-,-
광주광역시 서구 매월동,1110,1110,0,매월동아델리움로제비앙,11,84.7681,202006,2020,6,17,"41,500",15,2017,화개중앙로87번길 15,,-,-
광주광역시 서구 매월동,1110,1110,0,매월동아델리움로제비앙,11,84.7681,202006,2020,6,22,"41,300",17,2017,화개중앙로87번길 15,,-,-
광주광역시 서구 매월동,1110,1110,0,매월동아델리움로제비앙,11,84.7681,202006,2020,6,25,"40,500",18,2017,화개중앙로87번길 15,,-,-
광주광역시 서구 매월동,1110,1110,0,매월동아델리움로제비앙,11,84.7741,202007,2020,7,15,"41,500",17,2017,화개중앙로87번길 15,,-,-
광주광역시 서구 매월동,1110,1110,0,매월동아델리움로제비앙,11,84.7681,202007,2020,7,18,"41,800",9,2017,화개중앙로87번길 15,,-,-
광주광역시 서구 매월동,1110,1110,0,매월동아델리움로제비앙,11,84.7741,202008,2020,8,1,"40,800",14,2017,화개중앙로87번길 15,,-,-
광주광역시 서구 매월동,1110,1110,0,매월동아델리움로제비앙,11,84.7681,202008,2020,8,5,"40,800",9,2017,화개중앙로87번길 15,,-,-
광주광역시 서구 매월동,1110,1110,0,매월동아델리움로제비앙,11,84.7681,202008,2020,8,10,"41,670",15,2017,화개중앙로87번길 15,,-,-
광주광역시 서구 매월동,1110,1110,0,매월동아델리움로제비앙,11,84.7681,202008,2020,8,13,"41,750",17,2017,화개중앙로87번길 15,,-,-
광주광역시 서구 매월동,1110,1110,0,매월동아델리움로제비앙,11,84.7681,202008,2020,8,18,"39,500",11,2017,화개중앙로87번길 15,,-,-
광주광역시 서구 매월동,1110,1110,0,매월동아델리움로제비앙,11,84.7681,202008,2020,8,18,"41,300",13,2017,화개중앙로87번길 15,,-,-
광주광역시 서구 매월동,1110,1110,0,매월동아델리움로제비앙,11,84.7681,202008,2020,8,21,"42,000",16,2017,화개중앙로87번길 15,,-,-
광주광역시 서구 매월동,1110,1110,0,매월동아델리움로제비앙,11,84.7681,202008,2020,8,25,"41,550",7,2017,화개중앙로87번길 15,,-,-
광주광역시 서구 매월동,1110,1110,0,매월동아델리움로제비앙,11,84.7741,202008,2020,8,25,"40,200",7,2017,화개중앙로87번길 15,,-,-
광주광역시 서구 매월동,1110,1110,0,매월동아델리움로제비앙,11,84.7741,202008,2020,8,29,"37,700",1,2017,화개중앙로87번길 15,,-,-
광주광역시 서구 매월동,1110,1110,0,매월동아델리움로제비앙,11,84.7741,202009,2020,9,10,"39,200",3,2017,화개중앙로87번길 15,,-,-
광주광역시 서구 매월동,1110,1110,0,매월동아델리움로제비앙,11,84.7681,202009,2020,9,12,"42,000",12,2017,화개중앙로87번길 15,,-,-
광주광역시 서구 매월동,1110,1110,0,매월동아델리움로제비앙,11,84.7681,202009,2020,9,15,"41,800",12,2017,화개중앙로87번길 15,,-,-
광주광역시 서구 매월동,1110,1110,0,매월동아델리움로제비앙,11,84.7681,202009,2020,9,15,"40,900",8,2017,화개중앙로87번길 15,,-,-
광주광역시 서구 매월동,1110,1110,0,매월동아델리움로제비앙,11,84.7741,202009,2020,9,22,"40,000",5,2017,화개중앙로87번길 15,,-,-
광주광역시 서구 매월동,1110,1110,0,매월동아델리움로제비앙,11,84.7681,202009,2020,9,25,"40,800",13,2017,화개중앙로87번길 15,,-,-
광주광역시 서구 매월동,1110,1110,0,매월동아델리움로제비앙,11,84.7681,202009,2020,9,26,"41,500",17,2017,화개중앙로87번길 15,,-,-
광주광역시 서구 매월동,1110,1110,0,매월동아델리움로제비앙,11,84.7741,202009,2020,9,26,"41,000",17,2017,화개중앙로87번길 15,,-,-
광주광역시 서구 매월동,1110,1110,0,매월동아델리움로제비앙,11,84.7681,202009,2020,9,27,"41,500",12,2017,화개중앙로87번길 15,,-,-
광주광역시 서구 매월동,1110,1110,0,매월동아델리움로제비앙,11,84.7681,202009,2020,9,29,"40,500",13,2017,화개중앙로87번길 15,,-,-
광주광역시 서구 매월동,1110,1110,0,매월동아델리움로제비앙,11,84.7681,202009,2020,9,29,"38,600",2,2017,화개중앙로87번길 15,,-,-
광주광역시 서구 매월동,1110,1110,0,매월동아델리움로제비앙,11,84.7681,202010,2020,10,5,"41,400",9,2017,화개중앙로87번길 15,,-,-
광주광역시 서구 매월동,1110,1110,0,매월동아델리움로제비앙,11,84.7681,202010,2020,10,16,"40,000",6,2017,화개중앙로87번길 15,,-,-
광주광역시 서구 매월동,1110,1110,0,매월동아델리움로제비앙,11,84.7741,202010,2020,10,19,"39,100",10,2017,화개중앙로87번길 15,,-,-
광주광역시 서구 매월동,1110,1110,0,매월동아델리움로제비앙,11,84.7741,202010,2020,10,19,"40,600",15,2017,화개중앙로87번길 15,20210224.0,-,-
광주광역시 서구 매월동,1110,1110,0,매월동아델리움로제비앙,11,84.7741,202010,2020,10,26,"35,000",3,2017,화개중앙로87번길 15,,-,-
광주광역시 서구 매월동,1110,1110,0,매월동아델리움로제비앙,11,84.7741,202010,2020,10,27,"39,000",9,2017,화개중앙로87번길 15,,-,-
광주광역시 서구 매월동,1110,1110,0,매월동아델리움로제비앙,11,84.7681,202010,2020,10,29,"40,700",11,2017,화개중앙로87번길 15,,-,-
광주광역시 서구 매월동,1110,1110,0,매월동아델리움로제비앙,11,84.7681,202010,2020,10,31,"42,900",18,2017,화개중앙로87번길 15,,-,-
광주광역시 서구 매월동,1110,1110,0,매월동아델리움로제비앙,11,84.7741,202011,2020,11,4,"41,500",12,2017,화개중앙로87번길 15,,-,-
광주광역시 서구 매월동,1110,1110,0,매월동아델리움로제비앙,11,84.7681,202011,2020,11,5,"42,800",14,2017,화개중앙로87번길 15,,-,-
광주광역시 서구 매월동,1110,1110,0,매월동아델리움로제비앙,11,84.7741,202011,2020,11,7,"41,500",8,2017,화개중앙로87번길 15,,-,-
광주광역시 서구 매월동,1110,1110,0,매월동아델리움로제비앙,11,84.7741,202011,2020,11,7,"39,900",7,2017,화개중앙로87번길 15,,-,-
광주광역시 서구 매월동,1110,1110,0,매월동아델리움로제비앙,11,84.7681,202011,2020,11,7,"38,800",3,2017,화개중앙로87번길 15,,-,-
광주광역시 서구 매월동,1110,1110,0,매월동아델리움로제비앙,11,84.7681,202011,2020,11,7,"41,000",6,2017,화개중앙로87번길 15,,-,-
광주광역시 서구 매월동,1110,1110,0,매월동아델리움로제비앙,11,84.7681,202011,2020,11,7,"41,600",14,2017,화개중앙로87번길 15,,-,-
광주광역시 서구 매월동,1110,1110,0,매월동아델리움로제비앙,11,84.7681,202011,2020,11,8,"42,500",8,2017,화개중앙로87번길 15,,-,-
광주광역시 서구 매월동,1110,1110,0,매월동아델리움로제비앙,11,84.7741,202011,2020,11,11,"41,500",17,2017,화개중앙로87번길 15,,-,-
광주광역시 서구 매월동,1110,1110,0,매월동아델리움로제비앙,11,84.7681,202011,2020,11,12,"41,400",7,2017,화개중앙로87번길 15,,-,-
광주광역시 서구 매월동,1110,1110,0,매월동아델리움로제비앙,11,84.7681,202011,2020,11,14,"40,000",3,2017,화개중앙로87번길 15,,-,-
광주광역시 서구 매월동,1110,1110,0,매월동아델리움로제비앙,11,84.7741,202011,2020,11,14,"42,100",10,2017,화개중앙로87번길 15,,-,-
광주광역시 서구 매월동,1110,1110,0,매월동아델리움로제비앙,11,84.7741,202011,2020,11,15,"42,000",6,2017,화개중앙로87번길 15,,-,-
광주광역시 서구 매월동,1110,1110,0,매월동아델리움로제비앙,11,84.7681,202011,2020,11,16,"40,800",2,2017,화개중앙로87번길 15,,-,-
광주광역시 서구 매월동,1110,1110,0,매월동아델리움로제비앙,11,84.7681,202011,2020,11,17,"41,400",2,2017,화개중앙로87번길 15,,-,-
광주광역시 서구 매월동,1110,1110,0,매월동아델리움로제비앙,11,84.7741,202011,2020,11,17,"41,800",8,2017,화개중앙로87번길 15,20201216.0,-,-
광주광역시 서구 매월동,1110,1110,0,매월동아델리움로제비앙,11,84.7681,202011,2020,11,18,"43,000",12,2017,화개중앙로87번길 15,,-,-
광주광역시 서구 매월동,1110,1110,0,매월동아델리움로제비앙,11,84.7681,202011,2020,11,18,"40,500",3,2017,화개중앙로87번길 15,,-,-
광주광역시 서구 매월동,1110,1110,0,매월동아델리움로제비앙,11,84.7681,202011,2020,11,18,"51,000",16,2017,화개중앙로87번길 15,,-,-
광주광역시 서구 매월동,1110,1110,0,매월동아델리움로제비앙,11,84.7681,202011,2020,11,20,"43,000",15,2017,화개중앙로87번길 15,,-,-
광주광역시 서구 매월동,1110,1110,0,매월동아델리움로제비앙,11,84.7741,202011,2020,11,20,"42,500",6,2017,화개중앙로87번길 15,,-,-
광주광역시 서구 매월동,1110,1110,0,매월동아델리움로제비앙,11,84.7741,202011,2020,11,21,"39,500",4,2017,화개중앙로87번길 15,,-,-
광주광역시 서구 매월동,1110,1110,0,매월동아델리움로제비앙,11,84.7741,202011,2020,11,21,"42,150",8,2017,화개중앙로87번길 15,,-,-
광주광역시 서구 매월동,1110,1110,0,매월동아델리움로제비앙,11,84.7741,202011,2020,11,25,"42,800",10,2017,화개중앙로87번길 15,,-,-
광주광역시 서구 매월동,1110,1110,0,매월동아델리움로제비앙,11,84.7681,202011,2020,11,28,"46,000",15,2017,화개중앙로87번길 15,,-,-
광주광역시 서구 매월동,1110,1110,0,매월동아델리움로제비앙,11,84.7681,202011,2020,11,28,"42,900",11,2017,화개중앙로87번길 15,,-,-
광주광역시 서구 매월동,1110,1110,0,매월동아델리움로제비앙,11,84.7681,202011,2020,11,30,"47,000",16,2017,화개중앙로87번길 15,,-,-
광주광역시 서구 매월동,1110,1110,0,매월동아델리움로제비앙,11,84.7681,202011,2020,11,30,"40,000",1,2017,화개중앙로87번길 15,20210416.0,-,-
광주광역시 서구 매월동,1110,1110,0,매월동아델리움로제비앙,11,84.7741,202012,2020,12,5,"46,700",7,2017,화개중앙로87번길 15,,-,-
광주광역시 서구 매월동,1110,1110,0,매월동아델리움로제비앙,11,84.7681,202012,2020,12,8,"40,000",3,2017,화개중앙로87번길 15,,-,-
광주광역시 서구 매월동,1110,1110,0,매월동아델리움로제비앙,11,84.7681,202012,2020,12,11,"40,800",1,2017,화개중앙로87번길 15,,-,-
광주광역시 서구 매월동,1110,1110,0,매월동아델리움로제비앙,11,84.7681,202012,2020,12,12,"40,000",1,2017,화개중앙로87번길 15,,-,-
광주광역시 서구 매월동,1110,1110,0,매월동아델리움로제비앙,11,84.7681,202012,2020,12,15,"48,800",10,2017,화개중앙로87번길 15,,-,-
광주광역시 서구 매월동,1110,1110,0,매월동아델리움로제비앙,11,84.7741,202012,2020,12,16,"41,800",8,2017,화개중앙로87번길 15,,-,-
광주광역시 서구 매월동,1110,1110,0,매월동아델리움로제비앙,11,84.7681,202012,2020,12,17,"45,000",12,2017,화개중앙로87번길 15,,-,-
광주광역시 서구 매월동,1110,1110,0,매월동아델리움로제비앙,11,84.7741,202012,2020,12,17,"40,000",8,2017,화개중앙로87번길 15,,-,-
광주광역시 서구 매월동,1077,1077,0,EG스위트밸리,7,84.439,201903,2019,3,5,"25,000",10,2003,화개중앙로87번길 16-3,,,
광주광역시 서구 매월동,1077,1077,0,EG스위트밸리,7,84.439,201904,2019,4,23,"26,000",9,2003,화개중앙로87번길 16-3,,,
광주광역시 서구 매월동,1077,1077,0,EG스위트밸리,7,84.439,201905,2019,5,16,"26,000",13,2003,화개중앙로87번길 16-3,,,
광주광역시 서구 매월동,1077,1077,0,EG스위트밸리,7,84.439,201905,2019,5,24,"25,000",14,2003,화개중앙로87번길 16-3,,,
광주광역시 서구 매월동,1077,1077,0,EG스위트밸리,7,84.439,201906,2019,6,20,"27,000",6,2003,화개중앙로87번길 16-3,,,
광주광역시 서구 매월동,1077,1077,0,EG스위트밸리,7,84.439,201906,2019,6,21,"24,600",6,2003,화개중앙로87번길 16-3,,,
광주광역시 서구 매월동,1077,1077,0,EG스위트밸리,7,84.439,201910,2019,10,6,"27,300",3,2003,화개중앙로87번길 16-3,,,
광주광역시 서구 매월동,1077,1077,0,EG스위트밸리,7,84.439,201910,2019,10,20,"26,900",6,2003,화개중앙로87번길 16-3,,,
광주광역시 서구 매월동,1077,1077,0,EG스위트밸리,7,84.439,201910,2019,10,23,"24,000",1,2003,화개중앙로87번길 16-3,,,
광주광역시 서구 매월동,1077,1077,0,EG스위트밸리,7,84.439,201912,2019,12,24,"26,000",13,2003,화개중앙로87번길 16-3,,,
광주광역시 서구 매월동,1110,1110,0,매월동아델리움로제비앙,11,84.7681,201901,2019,1,7,"40,000",17,2017,화개중앙로87번길 15,,,
광주광역시 서구 매월동,1110,1110,0,매월동아델리움로제비앙,11,84.7681,201901,2019,1,25,"40,000",3,2017,화개중앙로87번길 15,,,
광주광역시 서구 매월동,1110,1110,0,매월동아델리움로제비앙,11,84.7681,201903,2019,3,1,"41,200",4,2017,화개중앙로87번길 15,,,
광주광역시 서구 매월동,1110,1110,0,매월동아델리움로제비앙,11,84.7681,201903,2019,3,8,"40,500",6,2017,화개중앙로87번길 15,,,
광주광역시 서구 매월동,1110,1110,0,매월동아델리움로제비앙,11,84.7681,201903,2019,3,11,"40,000",18,2017,화개중앙로87번길 15,,,
광주광역시 서구 매월동,1110,1110,0,매월동아델리움로제비앙,11,84.7681,201903,2019,3,18,"43,000",5,2017,화개중앙로87번길 15,,,
광주광역시 서구 매월동,1110,1110,0,매월동아델리움로제비앙,11,84.7741,201904,2019,4,26,"43,300",14,2017,화개중앙로87번길 15,,,
광주광역시 서구 매월동,1110,1110,0,매월동아델리움로제비앙,11,84.7741,201904,2019,4,29,"40,000",6,2017,화개중앙로87번길 15,,,
광주광역시 서구 매월동,1110,1110,0,매월동아델리움로제비앙,11,84.7681,201906,2019,6,15,"43,000",14,2017,화개중앙로87번길 15,,,
광주광역시 서구 매월동,1110,1110,0,매월동아델리움로제비앙,11,84.7681,201906,2019,6,22,"42,200",8,2017,화개중앙로87번길 15,,,
광주광역시 서구 매월동,1110,1110,0,매월동아델리움로제비앙,11,84.7681,201907,2019,7,1,"41,000",11,2017,화개중앙로87번길 15,,,
광주광역시 서구 매월동,1110,1110,0,매월동아델리움로제비앙,11,84.7741,201907,2019,7,20,"42,000",8,2017,화개중앙로87번길 15,,,
광주광역시 서구 매월동,1110,1110,0,매월동아델리움로제비앙,11,84.7681,201908,2019,8,16,"43,000",12,2017,화개중앙로87번길 15,,,
광주광역시 서구 매월동,1110,1110,0,매월동아델리움로제비앙,11,84.7681,201908,2019,8,24,"40,300",5,2017,화개중앙로87번길 15,,,
광주광역시 서구 매월동,1110,1110,0,매월동아델리움로제비앙,11,84.7681,201908,2019,8,30,"38,400",2,2017,화개중앙로87번길 15,,,
광주광역시 서구 매월동,1110,1110,0,매월동아델리움로제비앙,11,84.7681,201909,2019,9,7,"41,500",7,2017,화개중앙로87번길 15,,,
광주광역시 서구 매월동,1110,1110,0,매월동아델리움로제비앙,11,84.7681,201909,2019,9,24,"38,300",1,2017,화개중앙로87번길 15,,,
광주광역시 서구 매월동,1110,1110,0,매월동아델리움로제비앙,11,84.7681,201909,2019,9,28,"41,000",13,2017,화개중앙로87번길 15,,,
광주광역시 서구 매월동,1110,1110,0,매월동아델리움로제비앙,11,84.7681,201910,2019,10,8,"43,850",17,2017,화개중앙로87번길 15,,,
광주광역시 서구 매월동,1110,1110,0,매월동아델리움로제비앙,11,84.7681,201910,2019,10,8,"38,500",4,2017,화개중앙로87번길 15,,,
광주광역시 서구 매월동,1110,1110,0,매월동아델리움로제비앙,11,84.7681,201910,2019,10,9,"42,000",11,2017,화개중앙로87번길 15,,,
광주광역시 서구 매월동,1110,1110,0,매월동아델리움로제비앙,11,84.7681,201910,2019,10,10,"43,000",5,2017,화개중앙로87번길 15,,,
광주광역시 서구 매월동,1110,1110,0,매월동아델리움로제비앙,11,84.7741,201910,2019,10,16,"41,800",11,2017,화개중앙로87번길 15,,,
광주광역시 서구 매월동,1110,1110,0,매월동아델리움로제비앙,11,84.7681,201911,2019,11,4,"38,400",10,2017,화개중앙로87번길 15,,,
광주광역시 서구 매월동,1110,1110,0,매월동아델리움로제비앙,11,84.7681,201911,2019,11,9,"41,000",15,2017,화개중앙로87번길 15,,,
광주광역시 서구 매월동,1110,1110,0,매월동아델리움로제비앙,11,84.7741,201911,2019,11,9,"41,500",9,2017,화개중앙로87번길 15,,,
광주광역시 서구 매월동,1110,1110,0,매월동아델리움로제비앙,11,84.7681,201911,2019,11,12,"35,000",16,2017,화개중앙로87번길 15,,,
광주광역시 서구 매월동,1110,1110,0,매월동아델리움로제비앙,11,84.7681,201911,2019,11,18,"40,200",8,2017,화개중앙로87번길 15,,,
광주광역시 서구 매월동,1110,1110,0,매월동아델리움로제비앙,11,84.7741,201912,2019,12,3,"40,300",14,2017,화개중앙로87번길 15,,,
광주광역시 서구 매월동,1110,1110,0,매월동아델리움로제비앙,11,84.7681,201912,2019,12,6,"37,000",1,2017,화개중앙로87번길 15,,,
광주광역시 서구 매월동,1110,1110,0,매월동아델리움로제비앙,11,84.7681,201912,2019,12,13,"40,000",5,2017,화개중앙로87번길 15,,,
광주광역시 서구 매월동,1110,1110,0,매월동아델리움로제비앙,11,84.7681,201912,2019,12,15,"40,000",6,2017,화개중앙로87번길 15,,,
광주광역시 서구 매월동,1110,1110,0,매월동아델리움로제비앙,11,84.7741,201912,2019,12,16,"40,200",8,2017,화개중앙로87번길 15,,,
광주광역시 서구 매월동,1110,1110,0,매월동아델리움로제비앙,11,84.7681,201912,2019,12,19,"38,500",4,2017,화개중앙로87번길 15,,,
광주광역시 서구 매월동,1110,1110,0,매월동아델리움로제비앙,11,84.7681,201912,2019,12,22,"42,000",11,2017,화개중앙로87번길 15,,,
광주광역시 서구 매월동,1110,1110,0,매월동아델리움로제비앙,11,84.7681,201912,2019,12,23,"41,000",10,2017,화개중앙로87번길 15,,,
광주광역시 서구 매월동,1110,1110,0,매월동아델리움로제비앙,11,84.7741,201912,2019,12,24,"35,800",1,2017,화개중앙로87번길 15,,,
광주광역시 서구 매월동,1110,1110,0,매월동아델리움로제비앙,11,84.7741,201912,2019,12,28,"41,000",16,2017,화개중앙로87번길 15,,,
광주광역시 서구 매월동,1110,1110,0,매월동아델리움로제비앙,11,84.7741,201912,2019,12,30,"40,850",12,2017,화개중앙로87번길 15,,,
광주광역시 서구 매월동,1077,1077,0,EG스위트밸리,7,84.439,201802,2018,2,2,"23,000",2,2003,화개중앙로87번길 16-3,,,
광주광역시 서구 매월동,1077,1077,0,EG스위트밸리,7,84.439,201803,2018,3,1,"24,500",6,2003,화개중앙로87번길 16-3,,,
광주광역시 서구 매월동,1077,1077,0,EG스위트밸리,7,84.439,201803,2018,3,2,"23,900",14,2003,화개중앙로87번길 16-3,,,
광주광역시 서구 매월동,1077,1077,0,EG스위트밸리,7,84.439,201803,2018,3,11,"24,000",11,2003,화개중앙로87번길 16-3,,,
광주광역시 서구 매월동,1077,1077,0,EG스위트밸리,7,84.439,201803,2018,3,18,"23,000",3,2003,화개중앙로87번길 16-3,,,
광주광역시 서구 매월동,1077,1077,0,EG스위트밸리,7,84.439,201803,2018,3,30,"26,500",5,2003,화개중앙로87번길 16-3,,,
광주광역시 서구 매월동,1077,1077,0,EG스위트밸리,7,84.439,201804,2018,4,6,"25,500",6,2003,화개중앙로87번길 16-3,,,
광주광역시 서구 매월동,1077,1077,0,EG스위트밸리,7,84.439,201805,2018,5,12,"25,200",7,2003,19,,,
광주광역시 서구 매월동,1077,1077,0,EG스위트밸리,7,84.439,201805,2018,5,22,"23,900",9,2003,화개중앙로87번길 16-3,,,
광주광역시 서구 매월동,1077,1077,0,EG스위트밸리,7,84.439,201805,2018,5,26,"24,000",7,2003,화개중앙로87번길 16-3,,,
광주광역시 서구 매월동,1077,1077,0,EG스위트밸리,7,84.439,201806,2018,6,18,"24,950",10,2003,화개중앙로87번길 16-3,,,
광주광역시 서구 매월동,1077,1077,0,EG스위트밸리,7,84.439,201808,2018,8,22,"25,200",4,2003,화개중앙로87번길 16-3,,,
광주광역시 서구 매월동,1077,1077,0,EG스위트밸리,7,84.439,201808,2018,8,27,"26,500",12,2003,화개중앙로87번길 16-3,,,
광주광역시 서구 매월동,1077,1077,0,EG스위트밸리,7,84.439,201808,2018,8,28,"26,900",11,2003,화개중앙로87번길 16-3,,,
광주광역시 서구 매월동,1077,1077,0,EG스위트밸리,7,84.439,201809,2018,9,15,"26,950",9,2003,화개중앙로87번길 16-3,,,
광주광역시 서구 매월동,1077,1077,0,EG스위트밸리,7,84.439,201809,2018,9,22,"26,000",15,2003,화개중앙로87번길 16-3,,,
광주광역시 서구 매월동,1077,1077,0,EG스위트밸리,7,84.439,201810,2018,10,20,"27,200",4,2003,화개중앙로87번길 16-3,,,
광주광역시 서구 매월동,1077,1077,0,EG스위트밸리,7,84.439,201811,2018,11,19,"27,300",12,2003,화개중앙로87번길 16-3,,,
광주광역시 서구 매월동,1110,1110,0,매월동아델리움로제비앙,11,84.7681,201801,2018,1,10,"36,800",16,2017,화개중앙로87번길 15,,,
광주광역시 서구 매월동,1110,1110,0,매월동아델리움로제비앙,11,84.7681,201805,2018,5,24,"29,000",2,2017,화개중앙로87번길 15,,,
광주광역시 서구 매월동,1110,1110,0,매월동아델리움로제비앙,11,84.7681,201806,2018,6,16,"38,800",14,2017,화개중앙로87번길 15,,,
광주광역시 서구 매월동,1110,1110,0,매월동아델리움로제비앙,11,84.7741,201807,2018,7,7,"40,700",12,2017,화개중앙로87번길 15,,,
광주광역시 서구 매월동,1110,1110,0,매월동아델리움로제비앙,11,84.7741,201807,2018,7,13,"40,000",11,2017,화개중앙로87번길 15,,,
광주광역시 서구 매월동,1110,1110,0,매월동아델리움로제비앙,11,84.7681,201807,2018,7,30,"38,000",5,2017,화개중앙로87번길 15,,,
광주광역시 서구 매월동,1110,1110,0,매월동아델리움로제비앙,11,84.7741,201808,2018,8,3,"40,000",9,2017,화개중앙로87번길 15,,,
광주광역시 서구 매월동,1110,1110,0,매월동아델리움로제비앙,11,84.7741,201808,2018,8,4,"42,500",4,2017,화개중앙로87번길 15,,,
광주광역시 서구 매월동,1110,1110,0,매월동아델리움로제비앙,11,84.7681,201808,2018,8,11,"40,000",5,2017,화개중앙로87번길 15,,,
광주광역시 서구 매월동,1110,1110,0,매월동아델리움로제비앙,11,84.7681,201809,2018,9,18,"41,000",13,2017,화개중앙로87번길 15,,,
광주광역시 서구 매월동,1110,1110,0,매월동아델리움로제비앙,11,84.7681,201809,2018,9,20,"39,500",11,2017,화개중앙로87번길 15,,,
광주광역시 서구 매월동,1110,1110,0,매월동아델리움로제비앙,11,84.7741,201812,2018,12,14,"42,700",12,2017,화개중앙로87번길 15,,,
광주광역시 서구 매월동,1110,1110,0,매월동아델리움로제비앙,11,84.7741,201812,2018,12,22,"40,800",13,2017,화개중앙로87번길 15,,,
광주광역시 서구 매월동,1077,1077,0,EG스위트밸리,7,84.439,201702,2017,2,15,"23,000",4,2003,화개중앙로87번길 16-3,,,
광주광역시 서구 매월동,1077,1077,0,EG스위트밸리,7,84.439,201705,2017,5,5,"23,000",6,2003,화개중앙로87번길 16-3,,,
광주광역시 서구 매월동,1077,1077,0,EG스위트밸리,7,84.439,201706,2017,6,3,"24,700",14,2003,화개중앙로87번길 16-3,,,
광주광역시 서구 매월동,1077,1077,0,EG스위트밸리,7,84.439,201706,2017,6,10,"23,700",13,2003,화개중앙로87번길 16-3,,,
광주광역시 서구 매월동,1077,1077,0,EG스위트밸리,7,84.439,201706,2017,6,14,"23,700",11,2003,화개중앙로87번길 16-3,,,
광주광역시 서구 매월동,1077,1077,0,EG스위트밸리,7,84.439,201706,2017,6,20,"24,000",7,2003,화개중앙로87번길 16-3,,,
광주광역시 서구 매월동,1077,1077,0,EG스위트밸리,7,84.439,201707,2017,7,1,"24,200",9,2003,화개중앙로87번길 16-3,,,
광주광역시 서구 매월동,1077,1077,0,EG스위트밸리,7,84.439,201707,2017,7,12,"24,000",10,2003,풍서우로102번길 19,,,
광주광역시 서구 매월동,1077,1077,0,EG스위트밸리,7,84.439,201708,2017,8,10,"23,000",9,2003,화개중앙로87번길 16-3,,,
광주광역시 서구 매월동,1077,1077,0,EG스위트밸리,7,84.439,201708,2017,8,11,"23,800",5,2003,화개중앙로87번길 16-3,,,
광주광역시 서구 매월동,1077,1077,0,EG스위트밸리,7,84.439,201708,2017,8,14,"23,000",13,2003,풍서우로102번길 19,,,
광주광역시 서구 매월동,1077,1077,0,EG스위트밸리,7,84.439,201708,2017,8,19,"24,000",14,2003,화개중앙로87번길 16-3,,,
광주광역시 서구 매월동,1077,1077,0,EG스위트밸리,7,84.439,201708,2017,8,26,"24,800",7,2003,화개중앙로87번길 16-3,,,
광주광역시 서구 매월동,1077,1077,0,EG스위트밸리,7,84.439,201708,2017,8,29,"24,300",14,2003,화개중앙로87번길 16-3,,,
광주광역시 서구 매월동,1077,1077,0,EG스위트밸리,7,84.439,201709,2017,9,1,"23,450",5,2003,화개중앙로87번길 16-3,,,
광주광역시 서구 매월동,1077,1077,0,EG스위트밸리,7,84.439,201709,2017,9,11,"22,600",3,2003,화개중앙로87번길 16-3,,,
광주광역시 서구 매월동,1077,1077,0,EG스위트밸리,7,84.439,201709,2017,9,29,"23,800",14,2003,화개중앙로87번길 16-3,,,
광주광역시 서구 매월동,1077,1077,0,EG스위트밸리,7,84.439,201710,2017,10,10,"24,500",13,2003,화개중앙로87번길 16-3,,,
광주광역시 서구 매월동,1077,1077,0,EG스위트밸리,7,84.439,201710,2017,10,28,"23,600",4,2003,화개중앙로87번길 16-3,,,
광주광역시 서구 매월동,1077,1077,0,EG스위트밸리,7,84.439,201711,2017,11,2,"23,000",5,2003,화개중앙로87번길 16-3,,,
광주광역시 서구 매월동,1077,1077,0,EG스위트밸리,7,84.439,201712,2017,12,11,"20,689",11,2003,화개중앙로87번길 16-3,,,
광주광역시 서구 매월동,1077,1077,0,EG스위트밸리,7,84.439,201712,2017,12,18,"24,350",7,2003,화개중앙로87번길 16-3,,,
광주광역시 서구 매월동,1110,1110,0,매월동아델리움로제비앙,11,84.7681,201705,2017,5,13,"29,500",15,2017,화개중앙로87번길 15,,,
광주광역시 서구 매월동,1110,1110,0,매월동아델리움로제비앙,11,84.7681,201705,2017,5,17,"29,400",16,2017,화개중앙로87번길 15,,,
광주광역시 서구 매월동,1110,1110,0,매월동아델리움로제비앙,11,84.7681,201705,2017,5,22,"28,010",1,2017,화개중앙로87번길 15,,,
광주광역시 서구 매월동,1110,1110,0,매월동아델리움로제비앙,11,84.7741,201706,2017,6,10,"30,500",6,2017,화개중앙로87번길 15,,,
광주광역시 서구 매월동,1110,1110,0,매월동아델리움로제비앙,11,84.7681,201706,2017,6,18,"29,600",14,2017,화개중앙로87번길 15,,,
광주광역시 서구 매월동,1110,1110,0,매월동아델리움로제비앙,11,84.7681,201706,2017,6,19,"29,700",6,2017,화개중앙로87번길 15,,,
광주광역시 서구 매월동,1110,1110,0,매월동아델리움로제비앙,11,84.7741,201706,2017,6,21,"30,000",18,2017,화개중앙로87번길 15,,,
광주광역시 서구 매월동,1110,1110,0,매월동아델리움로제비앙,11,84.7741,201706,2017,6,29,"29,750",16,2017,화개중앙로87번길 15,,,
광주광역시 서구 매월동,1110,1110,0,매월동아델리움로제비앙,11,84.7741,201707,2017,7,12,"30,000",14,2017,화개중앙로87번길 15,,,
광주광역시 서구 매월동,1110,1110,0,매월동아델리움로제비앙,11,84.7681,201708,2017,8,10,"33,500",11,2017,화개중앙로87번길 15,,,
광주광역시 서구 매월동,1110,1110,0,매월동아델리움로제비앙,11,84.7741,201709,2017,9,12,"31,000",6,2017,화개중앙로87번길 15,,,
광주광역시 서구 매월동,1110,1110,0,매월동아델리움로제비앙,11,84.7741,201712,2017,12,24,"30,500",17,2017,화개중앙로87번길 15,,,
광주광역시 서구 매월동,1077,1077,0,EG스위트밸리,7,84.439,201601,2016,1,5,"21,500",1,2003,화개중앙로87번길 16-3,,,
광주광역시 서구 매월동,1077,1077,0,EG스위트밸리,7,84.439,201602,2016,2,17,"22,300",5,2003,화개중앙로87번길 16-3,,,
광주광역시 서구 매월동,1077,1077,0,EG스위트밸리,7,84.439,201605,2016,5,24,"23,600",8,2003,화개중앙로87번길 16-3,,,
광주광역시 서구 매월동,1077,1077,0,EG스위트밸리,7,84.439,201606,2016,6,26,"21,500",14,2003,화개중앙로87번길 16-3,,,
광주광역시 서구 매월동,1077,1077,0,EG스위트밸리,7,84.439,201607,2016,7,26,"23,800",9,2003,풍서우로102번길 19,,,
광주광역시 서구 매월동,1077,1077,0,EG스위트밸리,7,84.439,201608,2016,8,9,"20,500",1,2003,풍서우로102번길 19,,,
광주광역시 서구 매월동,1077,1077,0,EG스위트밸리,7,84.439,201608,2016,8,22,"22,000",5,2003,화개중앙로87번길 16-3,,,
광주광역시 서구 매월동,1077,1077,0,EG스위트밸리,7,84.439,201609,2016,9,1,"24,000",8,2003,풍서우로102번길 19,,,
광주광역시 서구 매월동,1077,1077,0,EG스위트밸리,7,84.439,201612,2016,12,6,"21,550",2,2003,풍서우로102번길 19,,,
광주광역시 서구 매월동,1077,1077,0,EG스위트밸리,7,84.439,201501,2015,1,7,"20,500",5,2003,화개중앙로87번길 16-3,,,
광주광역시 서구 매월동,1077,1077,0,EG스위트밸리,7,84.439,201501,2015,1,10,"21,400",11,2003,화개중앙로87번길 16-3,,,
광주광역시 서구 매월동,1077,1077,0,EG스위트밸리,7,84.439,201501,2015,1,20,"22,200",14,2003,화개중앙로87번길 16-3,,,
광주광역시 서구 매월동,1077,1077,0,EG스위트밸리,7,84.439,201502,2015,2,16,"22,700",8,2003,풍서우로102번길 21,,,
광주광역시 서구 매월동,1077,1077,0,EG스위트밸리,7,84.439,201502,2015,2,23,"21,000",2,2003,화개중앙로87번길 16-3,,,
광주광역시 서구 매월동,1077,1077,0,EG스위트밸리,7,84.439,201503,2015,3,18,"23,000",10,2003,화개중앙로87번길 16-3,,,
광주광역시 서구 매월동,1077,1077,0,EG스위트밸리,7,84.439,201504,2015,4,27,"22,400",1,2003,풍서우로102번길 21,,,
광주광역시 서구 매월동,1077,1077,0,EG스위트밸리,7,84.439,201505,2015,5,31,"23,400",11,2003,풍서우로102번길 21,,,
광주광역시 서구 매월동,1077,1077,0,EG스위트밸리,7,84.439,201506,2015,6,25,"24,000",9,2003,풍서우로102번길 19,,,
광주광역시 서구 매월동,1077,1077,0,EG스위트밸리,7,84.439,201507,2015,7,14,"24,400",9,2003,화개중앙로87번길 16-3,,,
광주광역시 서구 매월동,1077,1077,0,EG스위트밸리,7,84.439,201507,2015,7,20,"22,000",1,2003,풍서우로102번길 21,,,
광주광역시 서구 매월동,1077,1077,0,EG스위트밸리,7,84.439,201508,2015,8,13,"22,000",10,2003,화개중앙로87번길 16-3,,,
광주광역시 서구 매월동,1077,1077,0,EG스위트밸리,7,84.439,201509,2015,9,3,"23,800",13,2003,화개중앙로87번길 16-3,,,
광주광역시 서구 매월동,1077,1077,0,EG스위트밸리,7,84.439,201509,2015,9,3,"20,500",1,2003,화개중앙로87번길 16-3,,,
광주광역시 서구 매월동,1077,1077,0,EG스위트밸리,7,84.439,201509,2015,9,4,"24,000",11,2003,화개중앙로87번길 16-3,,,
광주광역시 서구 매월동,1077,1077,0,EG스위트밸리,7,84.439,201510,2015,10,20,"24,900",13,2003,화개중앙로87번길 16-3,,,
광주광역시 서구 매월동,1077,1077,0,EG스위트밸리,7,84.439,201511,2015,11,28,"23,500",14,2003,화개중앙로87번길 16-3,,,
광주광역시 서구 매월동,1077,1077,0,EG스위트밸리,7,84.439,201401,2014,1,11,"19,700",7,2003,풍서우로102번길 21,,,
광주광역시 서구 매월동,1077,1077,0,EG스위트밸리,7,84.439,201401,2014,1,28,"19,600",8,2003,풍서우로102번길 21,,,
광주광역시 서구 매월동,1077,1077,0,EG스위트밸리,7,84.439,201402,2014,2,27,"20,100",10,2003,풍서우로102번길 21,,,
광주광역시 서구 매월동,1077,1077,0,EG스위트밸리,7,84.439,201403,2014,3,2,"19,000",1,2003,풍서우로102번길 21,,,
광주광역시 서구 매월동,1077,1077,0,EG스위트밸리,7,84.439,201404,2014,4,15,"20,000",11,2003,풍서우로102번길 21,,,
광주광역시 서구 매월동,1077,1077,0,EG스위트밸리,7,84.439,201405,2014,5,16,"18,600",1,2003,풍서우로102번길 21,,,
광주광역시 서구 매월동,1077,1077,0,EG스위트밸리,7,69.058,201405,2014,5,30,"15,950",1,2003,풍서우로102번길 21,,,
광주광역시 서구 매월동,1077,1077,0,EG스위트밸리,7,84.439,201406,2014,6,2,"20,600",5,2003,풍서우로102번길 21,,,
광주광역시 서구 매월동,1077,1077,0,EG스위트밸리,7,84.439,201406,2014,6,6,"19,600",8,2003,풍서우로102번길 21,,,
광주광역시 서구 매월동,1077,1077,0,EG스위트밸리,7,84.439,201406,2014,6,10,"19,000",15,2003,풍서우로102번길 21,,,
광주광역시 서구 매월동,1077,1077,0,EG스위트밸리,7,84.439,201406,2014,6,12,"19,400",6,2003,풍서우로102번길 21,,,
광주광역시 서구 매월동,1077,1077,0,EG스위트밸리,7,84.439,201406,2014,6,20,"18,900",6,2003,풍서우로102번길 21,,,
광주광역시 서구 매월동,1077,1077,0,EG스위트밸리,7,84.439,201407,2014,7,28,"20,150",8,2003,화개중앙로87번길 16-3,,,
광주광역시 서구 매월동,1077,1077,0,EG스위트밸리,7,84.439,201408,2014,8,1,"18,000",5,2003,풍서우로102번길 21,,,
광주광역시 서구 매월동,1077,1077,0,EG스위트밸리,7,84.439,201410,2014,10,9,"20,500",10,2003,화개중앙로87번길 16-3,,,
광주광역시 서구 매월동,1077,1077,0,EG스위트밸리,7,84.439,201410,2014,10,14,"19,700",6,2003,화개중앙로87번길 16-3,,,
광주광역시 서구 매월동,1077,1077,0,EG스위트밸리,7,84.439,201411,2014,11,10,"21,400",8,2003,화개중앙로87번길 16-3,,,
광주광역시 서구 매월동,1077,1077,0,EG스위트밸리,7,84.439,201411,2014,11,30,"20,500",2,2003,화개중앙로87번길 16-3,,,
광주광역시 서구 매월동,1077,1077,0,EG스위트밸리,7,84.439,201412,2014,12,1,"22,300",10,2003,화개중앙로87번길 16-3,,,
광주광역시 서구 매월동,1077,1077,0,EG스위트밸리,7,84.439,201412,2014,12,24,"22,000",8,2003,화개중앙로87번길 16-3,,,
광주광역시 서구 매월동,1077,1077,0,EG스위트밸리,7,84.439,201302,2013,2,23,"19,400",10,2003,풍서우로102번길 21,,,
광주광역시 서구 매월동,1077,1077,0,EG스위트밸리,7,84.439,201303,2013,3,4,"17,600",15,2003,풍서우로102번길 21,,,
광주광역시 서구 매월동,1077,1077,0,EG스위트밸리,7,84.439,201303,2013,3,7,"19,500",14,2003,풍서우로102번길 21,,,
광주광역시 서구 매월동,1077,1077,0,EG스위트밸리,7,84.439,201303,2013,3,10,"19,200",13,2003,풍서우로102번길 21,,,
광주광역시 서구 매월동,1077,1077,0,EG스위트밸리,7,84.439,201305,2013,5,22,"17,750",2,2003,풍서우로102번길 21,,,
광주광역시 서구 매월동,1077,1077,0,EG스위트밸리,7,84.439,201305,2013,5,29,"18,550",5,2003,풍서우로102번길 21,,,
광주광역시 서구 매월동,1077,1077,0,EG스위트밸리,7,84.439,201306,2013,6,1,"18,000",14,2003,풍서우로102번길 21,,,
광주광역시 서구 매월동,1077,1077,0,EG스위트밸리,7,84.439,201306,2013,6,8,"18,900",13,2003,풍서우로102번길 21,,,
광주광역시 서구 매월동,1077,1077,0,EG스위트밸리,7,84.439,201306,2013,6,11,"18,500",12,2003,풍서우로102번길 21,,,
광주광역시 서구 매월동,1077,1077,0,EG스위트밸리,7,84.439,201306,2013,6,23,"18,700",6,2003,풍서우로102번길 21,,,
광주광역시 서구 매월동,1077,1077,0,EG스위트밸리,7,84.439,201306,2013,6,27,"18,850",9,2003,풍서우로102번길 21,,,
광주광역시 서구 매월동,1077,1077,0,EG스위트밸리,7,84.439,201306,2013,6,29,"18,600",14,2003,풍서우로102번길 21,,,
광주광역시 서구 매월동,1077,1077,0,EG스위트밸리,7,84.439,201307,2013,7,13,"19,500",11,2003,풍서우로102번길 21,,,
광주광역시 서구 매월동,1077,1077,0,EG스위트밸리,7,84.439,201308,2013,8,16,"18,300",4,2003,화개중앙로87번길 16-3,,,
광주광역시 서구 매월동,1077,1077,0,EG스위트밸리,7,84.439,201309,2013,9,2,"18,000",4,2003,화개중앙로87번길 16-3,,,
광주광역시 서구 매월동,1077,1077,0,EG스위트밸리,7,84.439,201310,2013,10,12,"18,800",6,2003,화개중앙로87번길 16-3,,,
광주광역시 서구 매월동,1077,1077,0,EG스위트밸리,7,84.439,201312,2013,12,5,"19,100",5,2003,풍서우로102번길 21,,,
광주광역시 서구 매월동,1077,1077,0,EG스위트밸리,7,84.439,201312,2013,12,9,"19,550",4,2003,풍서우로102번길 21,,,
광주광역시 서구 매월동,1077,1077,0,EG스위트밸리,7,84.439,201312,2013,12,10,"19,000",11,2003,풍서우로102번길 21,,,
광주광역시 서구 매월동,1077,1077,0,EG스위트밸리,7,84.439,201312,2013,12,13,"18,200",2,2003,화개중앙로87번길 16-3,,,
광주광역시 서구 매월동,1077,1077,0,EG스위트밸리,7,84.439,201312,2013,12,19,"17,700",4,2003,풍서우로102번길 21,,,
광주광역시 서구 매월동,1077,1077,0,EG스위트밸리,7,84.439,201201,2012,1,16,"19,100",12,2003,풍서우로102번길 21,,,
광주광역시 서구 매월동,1077,1077,0,EG스위트밸리,7,84.439,201201,2012,1,25,"17,500",5,2003,풍서우로102번길 21,,,
광주광역시 서구 매월동,1077,1077,0,EG스위트밸리,7,84.439,201202,2012,2,8,"17,800",8,2003,풍서우로102번길 21,,,
광주광역시 서구 매월동,1077,1077,0,EG스위트밸리,7,84.439,201202,2012,2,24,"19,070",14,2003,풍서우로102번길 21,,,
광주광역시 서구 매월동,1077,1077,0,EG스위트밸리,7,84.439,201203,2012,3,1,"18,700",7,2003,풍서우로102번길 21,,,
광주광역시 서구 매월동,1077,1077,0,EG스위트밸리,7,84.439,201203,2012,3,5,"20,000",9,2003,풍서우로102번길 21,,,
광주광역시 서구 매월동,1077,1077,0,EG스위트밸리,7,84.439,201203,2012,3,17,"19,100",7,2003,풍서우로102번길 21,,,
광주광역시 서구 매월동,1077,1077,0,EG스위트밸리,7,84.439,201203,2012,3,19,"18,400",4,2003,풍서우로102번길 21,,,
광주광역시 서구 매월동,1077,1077,0,EG스위트밸리,7,84.439,201203,2012,3,26,"16,900",1,2003,풍서우로102번길 21,,,
광주광역시 서구 매월동,1077,1077,0,EG스위트밸리,7,84.439,201205,2012,5,19,"19,000",11,2003,풍서우로102번길 21,,,
광주광역시 서구 매월동,1077,1077,0,EG스위트밸리,7,84.439,201206,2012,6,12,"19,000",14,2003,풍서우로102번길 21,,,
광주광역시 서구 매월동,1077,1077,0,EG스위트밸리,7,84.439,201208,2012,8,25,"17,950",1,2003,풍서우로102번길 21,,,
광주광역시 서구 매월동,1077,1077,0,EG스위트밸리,7,84.439,201208,2012,8,30,"16,900",1,2003,풍서우로102번길 21,,,
광주광역시 서구 매월동,1077,1077,0,EG스위트밸리,7,84.439,201208,2012,8,31,"17,800",2,2003,풍서우로102번길 21,,,
광주광역시 서구 매월동,1077,1077,0,EG스위트밸리,7,84.439,201209,2012,9,15,"18,700",3,2003,풍서우로102번길 21,,,
광주광역시 서구 매월동,1077,1077,0,EG스위트밸리,7,84.439,201211,2012,11,20,"19,050",4,2003,풍서우로102번길 21,,,
광주광역시 서구 매월동,1077,1077,0,EG스위트밸리,7,84.439,201211,2012,11,26,"19,200",13,2003,풍서우로102번길 21,,,
광주광역시 서구 매월동,1077,1077,0,EG스위트밸리,7,84.439,201212,2012,12,20,"18,000",13,2003,풍서우로102번길 21,,,
광주광역시 서구 매월동,1077,1077,0,EG스위트밸리,7,84.439,201212,2012,12,20,"19,000",4,2003,풍서우로102번길 21,,,
광주광역시 서구 매월동,1077,1077,0,EG스위트밸리,7,84.439,201101,2011,1,10,"16,200",11,2003,풍서우로102번길 21,,,
광주광역시 서구 매월동,1077,1077,0,EG스위트밸리,7,84.439,201101,2011,1,13,"15,600",3,2003,풍서우로102번길 21,,,
광주광역시 서구 매월동,1077,1077,0,EG스위트밸리,7,84.439,201101,2011,1,14,"14,800",3,2003,풍서우로102번길 21,,,
광주광역시 서구 매월동,1077,1077,0,EG스위트밸리,7,84.439,201101,2011,1,17,"14,500",4,2003,풍서우로102번길 21,,,
광주광역시 서구 매월동,1077,1077,0,EG스위트밸리,7,84.439,201101,2011,1,21,"15,800",6,2003,풍서우로102번길 21,,,
광주광역시 서구 매월동,1077,1077,0,EG스위트밸리,7,84.439,201101,2011,1,22,"13,580",1,2003,풍서우로102번길 21,,,
광주광역시 서구 매월동,1077,1077,0,EG스위트밸리,7,84.439,201101,2011,1,27,"14,300",1,2003,풍서우로102번길 21,,,
광주광역시 서구 매월동,1077,1077,0,EG스위트밸리,7,84.439,201101,2011,1,29,"15,600",9,2003,풍서우로102번길 21,,,
광주광역시 서구 매월동,1077,1077,0,EG스위트밸리,7,84.439,201102,2011,2,10,"17,900",9,2003,풍서우로102번길 21,,,
광주광역시 서구 매월동,1077,1077,0,EG스위트밸리,7,84.439,201102,2011,2,15,"16,000",11,2003,풍서우로102번길 21,,,
광주광역시 서구 매월동,1077,1077,0,EG스위트밸리,7,84.439,201102,2011,2,23,"17,300",14,2003,풍서우로102번길 21,,,
광주광역시 서구 매월동,1077,1077,0,EG스위트밸리,7,84.439,201102,2011,2,28,"17,000",5,2003,풍서우로102번길 21,,,
광주광역시 서구 매월동,1077,1077,0,EG스위트밸리,7,84.439,201103,2011,3,2,"15,600",4,2003,풍서우로102번길 21,,,
광주광역시 서구 매월동,1077,1077,0,EG스위트밸리,7,84.439,201103,2011,3,8,"17,000",11,2003,풍서우로102번길 21,,,
광주광역시 서구 매월동,1077,1077,0,EG스위트밸리,7,84.439,201103,2011,3,13,"17,000",15,2003,풍서우로102번길 21,,,
광주광역시 서구 매월동,1077,1077,0,EG스위트밸리,7,84.439,201106,2011,6,1,"16,100",13,2003,풍서우로102번길 21,,,
광주광역시 서구 매월동,1077,1077,0,EG스위트밸리,7,84.439,201106,2011,6,30,"18,850",9,2003,풍서우로102번길 21,,,
광주광역시 서구 매월동,1077,1077,0,EG스위트밸리,7,84.439,201107,2011,7,14,"15,500",1,2003,풍서우로102번길 21,,,
광주광역시 서구 매월동,1077,1077,0,EG스위트밸리,7,84.439,201109,2011,9,7,"13,200",1,2003,풍서우로102번길 21,,,
광주광역시 서구 매월동,1077,1077,0,EG스위트밸리,7,84.439,201109,2011,9,22,"16,000",4,2003,풍서우로102번길 21,,,
광주광역시 서구 매월동,1077,1077,0,EG스위트밸리,7,84.439,201110,2011,10,18,"17,000",2,2003,풍서우로102번길 21,,,
광주광역시 서구 매월동,1077,1077,0,EG스위트밸리,7,84.439,201110,2011,10,22,"18,900",10,2003,풍서우로102번길 21,,,
광주광역시 서구 매월동,1077,1077,0,EG스위트밸리,7,84.439,201111,2011,11,8,"17,100",5,2003,풍서우로102번길 21,,,
광주광역시 서구 매월동,1077,1077,0,EG스위트밸리,7,84.439,201111,2011,11,10,"18,900",8,2003,풍서우로102번길 21,,,
광주광역시 서구 매월동,1077,1077,0,EG스위트밸리,7,84.439,201111,2011,11,17,"17,500",15,2003,풍서우로102번길 21,,,
광주광역시 서구 매월동,1077,1077,0,EG스위트밸리,7,84.439,201111,2011,11,24,"17,300",5,2003,풍서우로102번길 21,,,
광주광역시 서구 매월동,1077,1077,0,EG스위트밸리,7,84.439,201111,2011,11,25,"18,300",7,2003,풍서우로102번길 21,,,
광주광역시 서구 매월동,1077,1077,0,EG스위트밸리,7,84.439,201112,2011,12,14,"17,900",14,2003,풍서우로102번길 21,,,
광주광역시 서구 매월동,1077,1077,0,EG스위트밸리,7,84.439,201112,2011,12,15,"19,000",9,2003,풍서우로102번길 21,,,
광주광역시 서구 매월동,1077,1077,0,EG스위트밸리,7,84.439,201112,2011,12,19,"17,600",9,2003,풍서우로102번길 21,,,
광주광역시 서구 매월동,1077,1077,0,EG스위트밸리,7,84.439,201112,2011,12,28,"18,000",4,2003,풍서우로102번길 21,,,
광주광역시 서구 매월동,1077,1077,0,EG스위트밸리,7,84.439,201001,2010,1,19,"14,700",10,2003,풍서우로102번길 21,,,
광주광역시 서구 매월동,1077,1077,0,EG스위트밸리,7,84.439,201002,2010,2,22,"14,100",7,2003,풍서우로102번길 21,,,
광주광역시 서구 매월동,1077,1077,0,EG스위트밸리,7,84.439,201002,2010,2,25,"13,700",5,2003,풍서우로102번길 21,,,
광주광역시 서구 매월동,1077,1077,0,EG스위트밸리,7,84.439,201003,2010,3,8,"14,500",8,2003,풍서우로102번길 21,,,
광주광역시 서구 매월동,1077,1077,0,EG스위트밸리,7,84.439,201003,2010,3,27,"14,300",8,2003,풍서우로102번길 21,,,
광주광역시 서구 매월동,1077,1077,0,EG스위트밸리,7,84.439,201005,2010,5,11,"13,500",15,2003,풍서우로102번길 21,,,
광주광역시 서구 매월동,1077,1077,0,EG스위트밸리,7,84.439,201005,2010,5,13,"15,000",7,2003,풍서우로102번길 21,,,
광주광역시 서구 매월동,1077,1077,0,EG스위트밸리,7,84.439,201005,2010,5,20,"13,600",2,2003,풍서우로102번길 21,,,
광주광역시 서구 매월동,1077,1077,0,EG스위트밸리,7,84.439,201005,2010,5,21,"14,450",4,2003,풍서우로102번길 21,,,
광주광역시 서구 매월동,1077,1077,0,EG스위트밸리,7,84.439,201006,2010,6,22,"13,450",15,2003,풍서우로102번길 21,,,
광주광역시 서구 매월동,1077,1077,0,EG스위트밸리,7,84.439,201006,2010,6,23,"14,900",13,2003,풍서우로102번길 21,,,
광주광역시 서구 매월동,1077,1077,0,EG스위트밸리,7,84.439,201007,2010,7,2,"12,380",2,2003,풍서우로102번길 21,,,
광주광역시 서구 매월동,1077,1077,0,EG스위트밸리,7,84.439,201007,2010,7,8,"10,000",7,2003,풍서우로102번길 21,,,
광주광역시 서구 매월동,1077,1077,0,EG스위트밸리,7,84.439,201007,2010,7,17,"13,800",3,2003,풍서우로102번길 21,,,
광주광역시 서구 매월동,1077,1077,0,EG스위트밸리,7,84.439,201008,2010,8,2,"13,500",7,2003,풍서우로102번길 21,,,
광주광역시 서구 매월동,1077,1077,0,EG스위트밸리,7,84.439,201008,2010,8,8,"15,000",6,2003,풍서우로102번길 21,,,
광주광역시 서구 매월동,1077,1077,0,EG스위트밸리,7,84.439,201008,2010,8,10,"14,000",12,2003,풍서우로102번길 21,,,
광주광역시 서구 매월동,1077,1077,0,EG스위트밸리,7,84.439,201008,2010,8,11,"13,850",4,2003,풍서우로102번길 21,,,
광주광역시 서구 매월동,1077,1077,0,EG스위트밸리,7,84.439,201008,2010,8,11,"12,000",2,2003,풍서우로102번길 21,,,
광주광역시 서구 매월동,1077,1077,0,EG스위트밸리,7,84.439,201008,2010,8,18,"14,500",15,2003,풍서우로102번길 21,,,
광주광역시 서구 매월동,1077,1077,0,EG스위트밸리,7,84.439,201008,2010,8,18,"13,000",2,2003,풍서우로102번길 21,,,
광주광역시 서구 매월동,1077,1077,0,EG스위트밸리,7,84.439,201009,2010,9,2,"14,500",3,2003,풍서우로102번길 21,,,
광주광역시 서구 매월동,1077,1077,0,EG스위트밸리,7,84.439,201009,2010,9,3,"15,250",13,2003,풍서우로102번길 21,,,
광주광역시 서구 매월동,1077,1077,0,EG스위트밸리,7,84.439,201009,2010,9,10,"15,100",13,2003,풍서우로102번길 21,,,
광주광역시 서구 매월동,1077,1077,0,EG스위트밸리,7,84.439,201009,2010,9,20,"14,580",13,2003,풍서우로102번길 21,,,
광주광역시 서구 매월동,1077,1077,0,EG스위트밸리,7,84.439,201009,2010,9,27,"15,500",9,2003,풍서우로102번길 21,,,
광주광역시 서구 매월동,1077,1077,0,EG스위트밸리,7,84.439,201010,2010,10,7,"14,500",5,2003,풍서우로102번길 21,,,
광주광역시 서구 매월동,1077,1077,0,EG스위트밸리,7,84.439,201010,2010,10,16,"14,900",10,2003,풍서우로102번길 21,,,
광주광역시 서구 매월동,1077,1077,0,EG스위트밸리,7,84.439,201010,2010,10,21,"15,375",6,2003,풍서우로102번길 21,,,
광주광역시 서구 매월동,1077,1077,0,EG스위트밸리,7,84.439,201011,2010,11,6,"15,400",8,2003,풍서우로102번길 21,,,
광주광역시 서구 매월동,1077,1077,0,EG스위트밸리,7,84.439,201011,2010,11,9,"15,100",8,2003,풍서우로102번길 21,,,
광주광역시 서구 매월동,1077,1077,0,EG스위트밸리,7,84.439,201011,2010,11,13,"13,800",4,2003,풍서우로102번길 21,,,
광주광역시 서구 매월동,1077,1077,0,EG스위트밸리,7,84.439,201011,2010,11,25,"13,000",2,2003,풍서우로102번길 21,,,
광주광역시 서구 매월동,1077,1077,0,EG스위트밸리,7,84.439,201012,2010,12,22,"15,000",14,2003,풍서우로102번길 21,,,
광주광역시 서구 매월동,1077,1077,0,EG스위트밸리,7,84.439,201012,2010,12,26,"16,850",11,2003,풍서우로102번길 21,,,
광주광역시 서구 매월동,1077,1077,0,EG스위트밸리,7,84.439,200901,2009,1,15,"13,000",1,2003,풍서우로102번길 21,,,
광주광역시 서구 매월동,1077,1077,0,EG스위트밸리,7,84.439,200901,2009,1,16,"13,700",14,2003,풍서우로102번길 21,,,
광주광역시 서구 매월동,1077,1077,0,EG스위트밸리,7,84.439,200901,2009,1,16,"14,500",14,2003,풍서우로102번길 21,,,
광주광역시 서구 매월동,1077,1077,0,EG스위트밸리,7,84.439,200902,2009,2,1,"13,000",13,2003,풍서우로102번길 21,,,
광주광역시 서구 매월동,1077,1077,0,EG스위트밸리,7,84.439,200904,2009,4,23,"14,300",14,2003,풍서우로102번길 21,,,
광주광역시 서구 매월동,1077,1077,0,EG스위트밸리,7,84.439,200904,2009,4,24,"14,300",14,2003,풍서우로102번길 21,,,
광주광역시 서구 매월동,1077,1077,0,EG스위트밸리,7,84.439,200906,2009,6,7,"14,100",11,2003,풍서우로102번길 21,,,
광주광역시 서구 매월동,1077,1077,0,EG스위트밸리,7,84.439,200906,2009,6,9,"13,700",9,2003,풍서우로102번길 21,,,
광주광역시 서구 매월동,1077,1077,0,EG스위트밸리,7,84.439,200906,2009,6,14,"13,500",5,2003,풍서우로102번길 21,,,
광주광역시 서구 매월동,1077,1077,0,EG스위트밸리,7,84.439,200906,2009,6,16,"12,600",2,2003,풍서우로102번길 21,,,
광주광역시 서구 매월동,1077,1077,0,EG스위트밸리,7,84.439,200907,2009,7,2,"12,900",4,2003,풍서우로102번길 21,,,
광주광역시 서구 매월동,1077,1077,0,EG스위트밸리,7,84.439,200907,2009,7,4,"13,700",14,2003,풍서우로102번길 21,,,
광주광역시 서구 매월동,1077,1077,0,EG스위트밸리,7,84.439,200907,2009,7,20,"14,000",10,2003,풍서우로102번길 21,,,
광주광역시 서구 매월동,1077,1077,0,EG스위트밸리,7,84.439,200907,2009,7,21,"13,850",8,2003,풍서우로102번길 21,,,
광주광역시 서구 매월동,1077,1077,0,EG스위트밸리,7,84.439,200907,2009,7,26,"13,700",8,2003,풍서우로102번길 21,,,
광주광역시 서구 매월동,1077,1077,0,EG스위트밸리,7,84.439,200907,2009,7,27,"12,700",5,2003,풍서우로102번길 21,,,
광주광역시 서구 매월동,1077,1077,0,EG스위트밸리,7,84.439,200907,2009,7,28,"14,000",3,2003,풍서우로102번길 21,,,
광주광역시 서구 매월동,1077,1077,0,EG스위트밸리,7,84.439,200908,2009,8,17,"14,850",9,2003,풍서우로102번길 21,,,
광주광역시 서구 매월동,1077,1077,0,EG스위트밸리,7,84.439,200908,2009,8,28,"12,700",3,2003,풍서우로102번길 21,,,
광주광역시 서구 매월동,1077,1077,0,EG스위트밸리,7,84.439,200909,2009,9,4,"14,700",9,2003,풍서우로102번길 21,,,
광주광역시 서구 매월동,1077,1077,0,EG스위트밸리,7,84.439,200909,2009,9,6,"12,900",2,2003,풍서우로102번길 21,,,
광주광역시 서구 매월동,1077,1077,0,EG스위트밸리,7,84.439,200909,2009,9,13,"14,600",6,2003,풍서우로102번길 21,,,
광주광역시 서구 매월동,1077,1077,0,EG스위트밸리,7,84.439,200909,2009,9,19,"15,000",10,2003,풍서우로102번길 21,,,
광주광역시 서구 매월동,1077,1077,0,EG스위트밸리,7,84.439,200909,2009,9,20,"13,500",9,2003,풍서우로102번길 21,,,
광주광역시 서구 매월동,1077,1077,0,EG스위트밸리,7,84.439,200910,2009,10,12,"13,750",3,2003,풍서우로102번길 21,,,
광주광역시 서구 매월동,1077,1077,0,EG스위트밸리,7,84.439,200910,2009,10,18,"13,750",3,2003,풍서우로102번길 21,,,
광주광역시 서구 매월동,1077,1077,0,EG스위트밸리,7,84.439,200910,2009,10,25,"15,250",10,2003,풍서우로102번길 21,,,
광주광역시 서구 매월동,1077,1077,0,EG스위트밸리,7,84.439,200910,2009,10,29,"13,950",6,2003,풍서우로102번길 21,,,
광주광역시 서구 매월동,1077,1077,0,EG스위트밸리,7,84.439,200911,2009,11,16,"15,010",11,2003,풍서우로102번길 21,,,
광주광역시 서구 매월동,1077,1077,0,EG스위트밸리,7,84.439,200801,2008,1,11,"14,800",11,2003,풍서우로102번길 21,,,
광주광역시 서구 매월동,1077,1077,0,EG스위트밸리,7,84.439,200801,2008,1,20,"13,600",8,2003,풍서우로102번길 21,,,
광주광역시 서구 매월동,1077,1077,0,EG스위트밸리,7,84.439,200801,2008,1,31,"13,000",4,2003,풍서우로102번길 21,,,
광주광역시 서구 매월동,1077,1077,0,EG스위트밸리,7,84.439,200802,2008,2,14,"13,500",4,2003,풍서우로102번길 21,,,
광주광역시 서구 매월동,1077,1077,0,EG스위트밸리,7,84.439,200802,2008,2,20,"14,000",5,2003,풍서우로102번길 21,,,
광주광역시 서구 매월동,1077,1077,0,EG스위트밸리,7,84.439,200802,2008,2,23,"13,900",8,2003,풍서우로102번길 21,,,
광주광역시 서구 매월동,1077,1077,0,EG스위트밸리,7,84.439,200803,2008,3,12,"14,000",13,2003,풍서우로102번길 21,,,
광주광역시 서구 매월동,1077,1077,0,EG스위트밸리,7,84.439,200803,2008,3,18,"13,850",9,2003,풍서우로102번길 21,,,
광주광역시 서구 매월동,1077,1077,0,EG스위트밸리,7,84.439,200803,2008,3,27,"11,940",6,2003,풍서우로102번길 21,,,
광주광역시 서구 매월동,1077,1077,0,EG스위트밸리,7,84.439,200804,2008,4,9,"13,350",2,2003,풍서우로102번길 21,,,
광주광역시 서구 매월동,1077,1077,0,EG스위트밸리,7,84.439,200804,2008,4,11,"14,400",5,2003,풍서우로102번길 21,,,
광주광역시 서구 매월동,1077,1077,0,EG스위트밸리,7,84.439,200804,2008,4,24,"13,900",5,2003,풍서우로102번길 21,,,
광주광역시 서구 매월동,1077,1077,0,EG스위트밸리,7,84.439,200805,2008,5,9,"14,000",12,2003,풍서우로102번길 21,,,
광주광역시 서구 매월동,1077,1077,0,EG스위트밸리,7,84.439,200806,2008,6,14,"14,500",12,2003,풍서우로102번길 21,,,
광주광역시 서구 매월동,1077,1077,0,EG스위트밸리,7,84.439,200806,2008,6,20,"14,300",3,2003,풍서우로102번길 21,,,
광주광역시 서구 매월동,1077,1077,0,EG스위트밸리,7,84.439,200809,2008,9,18,"15,000",12,2003,풍서우로102번길 21,,,
광주광역시 서구 매월동,1077,1077,0,EG스위트밸리,7,84.439,200809,2008,9,29,"13,700",13,2003,풍서우로102번길 21,,,
광주광역시 서구 매월동,1077,1077,0,EG스위트밸리,7,84.439,200810,2008,10,10,"14,900",9,2003,풍서우로102번길 21,,,
광주광역시 서구 매월동,1077,1077,0,EG스위트밸리,7,84.439,200810,2008,10,24,"14,500",12,2003,풍서우로102번길 21,,,
광주광역시 서구 매월동,1077,1077,0,EG스위트밸리,7,84.439,200812,2008,12,23,"13,600",1,2003,풍서우로102번길 21,,,
광주광역시 서구 매월동,1077,1077,0,EG스위트밸리,7,84.439,200701,2007,1,3,"13,000",12,2003,풍서우로102번길 21,,,
광주광역시 서구 매월동,1077,1077,0,EG스위트밸리,7,84.439,200701,2007,1,25,"13,400",3,2003,풍서우로102번길 21,,,
광주광역시 서구 매월동,1077,1077,0,EG스위트밸리,7,84.439,200702,2007,2,1,"14,000",6,2003,풍서우로102번길 21,,,
광주광역시 서구 매월동,1077,1077,0,EG스위트밸리,7,84.439,200702,2007,2,8,"14,500",13,2003,풍서우로102번길 21,,,
광주광역시 서구 매월동,1077,1077,0,EG스위트밸리,7,84.439,200702,2007,2,20,"14,900",11,2003,풍서우로102번길 21,,,
광주광역시 서구 매월동,1077,1077,0,EG스위트밸리,7,84.439,200702,2007,2,23,"13,800",15,2003,풍서우로102번길 21,,,
광주광역시 서구 매월동,1077,1077,0,EG스위트밸리,7,84.439,200702,2007,2,27,"15,000",12,2003,풍서우로102번길 21,,,
광주광역시 서구 매월동,1077,1077,0,EG스위트밸리,7,84.439,200704,2007,4,2,"14,400",6,2003,풍서우로102번길 21,,,
광주광역시 서구 매월동,1077,1077,0,EG스위트밸리,7,84.439,200704,2007,4,10,"14,600",13,2003,풍서우로102번길 21,,,
광주광역시 서구 매월동,1077,1077,0,EG스위트밸리,7,84.439,200705,2007,5,1,"13,200",15,2003,풍서우로102번길 21,,,
광주광역시 서구 매월동,1077,1077,0,EG스위트밸리,7,84.439,200705,2007,5,23,"13,050",3,2003,풍서우로102번길 21,,,
광주광역시 서구 매월동,1077,1077,0,EG스위트밸리,7,84.439,200706,2007,6,1,"10,500",6,2003,풍서우로102번길 21,,,
광주광역시 서구 매월동,1077,1077,0,EG스위트밸리,7,84.439,200706,2007,6,27,"13,300",2,2003,풍서우로102번길 21,,,
광주광역시 서구 매월동,1077,1077,0,EG스위트밸리,7,84.439,200707,2007,7,2,"14,000",1,2003,풍서우로102번길 21,,,
광주광역시 서구 매월동,1077,1077,0,EG스위트밸리,7,84.439,200707,2007,7,10,"13,500",2,2003,풍서우로102번길 21,,,
광주광역시 서구 매월동,1077,1077,0,EG스위트밸리,7,84.439,200707,2007,7,11,"13,900",7,2003,풍서우로102번길 21,,,
광주광역시 서구 매월동,1077,1077,0,EG스위트밸리,7,84.439,200707,2007,7,22,"14,500",9,2003,풍서우로102번길 21,,,
광주광역시 서구 매월동,1077,1077,0,EG스위트밸리,7,84.439,200707,2007,7,28,"14,100",12,2003,풍서우로102번길 21,,,
광주광역시 서구 매월동,1077,1077,0,EG스위트밸리,7,84.439,200707,2007,7,31,"15,000",8,2003,풍서우로102번길 21,,,
광주광역시 서구 매월동,1077,1077,0,EG스위트밸리,7,84.439,200711,2007,11,11,"14,600",9,2003,풍서우로102번길 21,,,
광주광역시 서구 매월동,1077,1077,0,EG스위트밸리,7,84.439,200711,2007,11,24,"14,500",9,2003,풍서우로102번길 21,,,
광주광역시 서구 매월동,1077,1077,0,EG스위트밸리,7,84.439,200712,2007,12,15,"13,600",5,2003,풍서우로102번길 21,,,
광주광역시 서구 매월동,1077,1077,0,EG스위트밸리,7,84.439,200602,2006,2,7,"14,580",14,2003,풍서우로102번길 21,,,
광주광역시 서구 매월동,1077,1077,0,EG스위트밸리,7,84.439,200602,2006,2,12,"14,750",14,2003,풍서우로102번길 21,,,
광주광역시 서구 매월동,1077,1077,0,EG스위트밸리,7,84.439,200602,2006,2,27,"13,200",8,2003,풍서우로102번길 21,,,
광주광역시 서구 매월동,1077,1077,0,EG스위트밸리,7,84.439,200603,2006,3,18,"15,700",11,2003,풍서우로102번길 21,,,
광주광역시 서구 매월동,1077,1077,0,EG스위트밸리,7,84.439,200603,2006,3,22,"15,100",12,2003,풍서우로102번길 21,,,
광주광역시 서구 매월동,1077,1077,0,EG스위트밸리,7,84.439,200603,2006,3,28,"15,100",11,2003,풍서우로102번길 21,,,
광주광역시 서구 매월동,1077,1077,0,EG스위트밸리,7,84.439,200603,2006,3,29,"14,800",10,2003,풍서우로102번길 21,,,
광주광역시 서구 매월동,1077,1077,0,EG스위트밸리,7,84.439,200603,2006,3,31,"14,900",9,2003,풍서우로102번길 21,,,
광주광역시 서구 매월동,1077,1077,0,EG스위트밸리,7,84.439,200604,2006,4,25,"14,800",12,2003,풍서우로102번길 21,,,
광주광역시 서구 매월동,1077,1077,0,EG스위트밸리,7,84.439,200605,2006,5,8,"9,000",11,2003,풍서우로102번길 21,,,
광주광역시 서구 매월동,1077,1077,0,EG스위트밸리,7,84.439,200606,2006,6,2,"13,800",10,2003,풍서우로102번길 21,,,
광주광역시 서구 매월동,1077,1077,0,EG스위트밸리,7,84.439,200606,2006,6,7,"15,300",10,2003,풍서우로102번길 21,,,
광주광역시 서구 매월동,1077,1077,0,EG스위트밸리,7,84.439,200606,2006,6,27,"14,100",12,2003,풍서우로102번길 21,,,
광주광역시 서구 매월동,1077,1077,0,EG스위트밸리,7,84.439,200607,2006,7,5,"14,300",6,2003,풍서우로102번길 21,,,
광주광역시 서구 매월동,1077,1077,0,EG스위트밸리,7,84.439,200608,2006,8,27,"15,500",13,2003,풍서우로102번길 21,,,
광주광역시 서구 매월동,1077,1077,0,EG스위트밸리,7,84.439,200608,2006,8,30,"15,000",6,2003,풍서우로102번길 21,,,
광주광역시 서구 매월동,1077,1077,0,EG스위트밸리,7,84.439,200609,2006,9,1,"13,000",2,2003,풍서우로102번길 21,,,
광주광역시 서구 매월동,1077,1077,0,EG스위트밸리,7,84.439,200609,2006,9,5,"13,500",12,2003,풍서우로102번길 21,,,
광주광역시 서구 매월동,1077,1077,0,EG스위트밸리,7,84.439,200610,2006,10,1,"15,200",13,2003,풍서우로102번길 21,,,
광주광역시 서구 매월동,1077,1077,0,EG스위트밸리,7,84.439,200611,2006,11,1,"14,800",8,2003,풍서우로102번길 21,,,
광주광역시 서구 매월동,1077,1077,0,EG스위트밸리,7,84.439,200611,2006,11,28,"13,950",5,2003,풍서우로102번길 21,,,
광주광역시 서구 매월동,1077,1077,0,EG스위트밸리,7,84.439,200612,2006,12,5,"15,000",10,2003,풍서우로102번길 21,,,
광주광역시 서구 매월동,1077,1077,0,EG스위트밸리,7,84.439,200612,2006,12,31,"14,800",13,2003,풍서우로102번길 21,,,
